Number,TotalTotal,Total04,Total59,Total1014,Total1519,Total2024,Total2529,Total3034,Total3539,Total4044,Total4549,Total5054,Total5559,Total6064,Total6569,Total7074,Total7579,Total8084,Total85Over,MalesTotal,Males04,Males59,Males1014,Males1519,Males2024,Males2529,Males3034,Males3539,Males4044,Males4549,Males5054,Males5559,Males6064,Males6569,Males7074,Males7579,Males8084,Males85Over,FemalesTotal,Females04,Females59,Females1014,Females1519,Females2024,Females2529,Females3034,Females3539,Females4044,Females4549,Females5054,Females5559,Females6064,Females6569,Females7074,Females7579,Females8084,Females85Over
Total,3902690,183580,204450,214390,242900,264130,271030,290620,301070,316760,303410,315090,295060,240490,182430,102630,81210,51790,41660,1916630,93850,103860,109400,124290,133490,132500,137850,143800,154460,149610,158470,147860,119660,88700,47780,36130,20930,14000,1986060,89720,100590,104990,118620,130630,138530,152770,157270,162300,153810,156630,147200,120830,93730,54850,45090,30850,27660
Ang Mo Kio- Total,174770,6790,7660,8290,9320,10310,11170,12250,13070,13710,13000,14010,13800,12980,11050,6670,5140,3250,2300,84220,3480,3880,4200,4730,5130,5380,5800,6180,6610,6340,7000,6680,6040,5240,3070,2340,1340,770,90550,3310,3780,4090,4590,5180,5800,6450,6890,7100,6660,7010,7120,6940,5810,3600,2800,1910,1520
Ang Mo Kio Town Centre,5020,260,280,320,280,260,310,370,420,490,420,350,320,280,270,160,120,60,50,2370,130,130,160,140,130,140,160,200,240,210,170,150,130,120,80,50,20,20,2640,130,160,160,150,130,170,210,220,260,210,170,170,160,150,80,70,40,40
Cheng San,29770,1290,1180,1290,1400,1570,1830,2490,2490,2460,2220,2320,2290,2320,1920,1070,790,480,370,14400,670,630,680,760,780,860,1120,1190,1190,1110,1180,1070,1050,940,490,370,200,110,15370,620,550,620,650,800,970,1360,1300,1260,1110,1140,1220,1270,970,580,420,280,260
Chong Boon,27900,910,1100,1180,1370,1520,1800,1980,2100,2040,2060,2270,2260,2250,1950,1290,920,540,380,13590,460,580,640,750,770,870,970,1000,990,980,1150,1100,1050,900,600,420,230,140,14310,460,520,530,620,750,930,1010,1100,1060,1080,1120,1160,1200,1050,690,500,310,240
Kebun Bahru,23910,780,1010,1080,1240,1380,1490,1570,1730,1860,1860,1940,1890,1800,1610,1010,810,530,330,11450,380,490,540,620,680,700,780,810,890,920,990,890,860,740,460,380,230,110,12460,400,520,540,620,700,790,800,920,970,940,950,1000,940,870,550,430,300,230
Sembawang Hills,6890,200,360,460,550,550,450,310,320,500,550,590,520,430,400,260,190,140,130,3240,90,160,220,260,260,230,140,130,230,270,280,270,210,190,130,80,50,50,3650,100,200,250,290,280,220,170,190,270,280,310,250,230,210,130,110,80,80
Shangri-La,18510,750,790,850,1030,1120,1170,1290,1240,1370,1420,1610,1440,1360,1110,750,560,430,250,9090,390,410,430,520,570,570,630,610,680,690,850,740,660,500,320,250,170,90,9410,360,380,410,510,550,600,650,630,690,730,760,700,700,610,430,300,250,160
Tagore,8350,330,370,450,580,740,650,420,480,610,590,700,760,590,400,220,200,140,120,3990,160,190,180,280,380,340,180,220,270,260,320,370,310,210,100,110,60,40,4360,170,180,270,300,360,310,240,260,340,320,380,400,280,190,110,90,70,80
Townsville,23770,1140,1100,940,1010,1230,1480,1750,2070,1860,1560,1760,1830,1670,1590,1040,840,520,380,11300,610,590,490,500,610,700,790,1020,910,770,850,860,730,720,460,360,190,130,12470,520,510,450,520,610,780,960,1050,950,790,910,960,940,880,580,480,330,250
Yio Chu Kang,30,na,na,na,na,na,na,na,na,na,na,na,na,na,na,na,na,na,na,na,na,na,na,na,na,na,na,na,na,na,na,na,na,na,na,na,na,na,na,na,na,na,na,na,na,na,na,na,na,na,na,na,na,na,na,na,na
Yio Chu Kang East,4080,150,170,250,300,340,290,240,230,300,280,340,390,290,230,120,90,40,60,2020,80,90,120,140,180,140,110,120,140,130,150,210,140,120,80,50,20,20,2060,80,80,130,160,160,140,130,120,170,150,190,180,150,100,50,40,20,40
Yio Chu Kang North,na,na,na,na,na,na,na,na,na,na,na,na,na,na,na,na,na,na,na,na,na,na,na,na,na,na,na,na,na,na,na,na,na,na,na,na,na,na,na,na,na,na,na,na,na,na,na,na,na,na,na,na,na,na,na,na,na
Yio Chu Kang West,26550,990,1310,1480,1550,1610,1710,1830,1990,2210,2050,2140,2100,1990,1580,760,630,390,240,12750,510,620,740,770,770,820,910,890,1080,990,1060,1020,910,800,360,280,160,80,13800,470,690,740,780,840,900,920,1100,1130,1060,1090,1090,1080,780,400,360,230,160
Bedok- Total,289750,11690,13400,14750,16930,19450,19860,19270,20850,22520,21460,23430,23380,20590,16750,9310,7330,4760,4010,141220,5930,6750,7460,8780,9830,9880,9200,9750,10860,10600,11560,11500,10010,8180,4430,3270,1920,1310,148530,5760,6650,7290,8150,9630,9990,10080,11100,11660,10860,11870,11880,10570,8570,4880,4060,2840,2700
Bayshore,7480,440,490,470,400,340,320,490,750,930,750,600,400,400,290,130,100,60,110,3580,220,230,230,190,170,150,200,320,450,380,320,190,220,150,50,50,30,30,3900,220,260,240,210,170,170,300,430,480,360,280,210,180,140,80,60,40,70
Bedok North,85930,3290,3680,4170,4920,5690,5600,5850,6260,6420,6330,7320,6930,6310,5350,2940,2260,1490,1130,41990,1690,1890,2110,2580,2790,2830,2800,3010,3100,3170,3700,3460,2930,2540,1400,1000,610,370,43940,1590,1790,2070,2340,2900,2770,3050,3250,3320,3160,3610,3470,3370,2810,1540,1270,880,760
Bedok Reservoir,25400,1240,1410,1560,1530,1540,1830,1880,2090,2210,2000,1930,1890,1680,1200,590,410,230,180,12420,610,730,760,790,810,880,890,980,1070,970,980,900,830,590,300,190,80,60,12980,630,680,800,740,740,950,1000,1110,1140,1030,950,990,850,600,290,220,150,120
Bedok South,51190,2030,2290,2510,3020,3380,3510,3200,3370,3730,3770,4130,4130,3720,3090,1930,1550,1010,830,25010,1070,1160,1340,1550,1750,1760,1570,1590,1750,1820,2030,2060,1810,1490,890,700,410,270,26180,960,1130,1170,1470,1640,1750,1630,1780,1980,1940,2100,2070,1920,1600,1040,850,600,560
Frankel,33570,1600,2010,1860,1910,2040,1910,2000,2710,3280,2660,2390,2250,2080,1750,960,890,640,640,15920,810,940,900,1000,1050,880,880,1160,1610,1320,1160,1060,1010,870,450,380,250,220,17650,790,1080,950,910,990,1030,1120,1550,1680,1340,1230,1190,1070,890,520,510,390,420
Kaki Bukit,40820,1450,1730,2060,2680,3320,3410,2790,2670,2710,2700,3550,3840,3040,2230,1020,790,440,390,20220,720,910,1070,1420,1690,1740,1370,1280,1310,1360,1650,1880,1520,1150,500,360,180,120,20600,730,820,1000,1270,1630,1670,1420,1390,1400,1340,1890,1960,1520,1080,520,430,260,270
Kembangan,38440,1440,1520,1800,2110,2650,2860,2710,2530,2680,2740,3040,3390,2900,2310,1400,1030,720,640,18870,700,750,920,1080,1370,1420,1330,1200,1330,1320,1490,1700,1480,1140,690,440,280,200,19570,740,770,890,1030,1280,1440,1380,1320,1350,1420,1550,1680,1410,1170,710,590,430,430
Siglap,6930,210,270,320,350,490,430,350,480,570,510,490,550,460,520,350,290,170,120,3210,110,140,150,170,220,220,160,210,250,260,220,250,210,240,160,140,80,40,3720,100,140,170,190,280,210,190,270,320,260,260,290,250,280,190,150,100,70
Bishan- Total,90700,3430,4330,4710,5520,6860,6460,5720,6000,7070,6800,7540,7700,6360,4860,2730,2140,1370,1090,44110,1800,2290,2490,2920,3590,3210,2690,2810,3320,3220,3470,3750,3130,2340,1270,960,530,320,46590,1630,2040,2220,2610,3280,3250,3030,3190,3750,3590,4070,3960,3230,2520,1460,1180,840,770
Bishan East,28820,1040,1290,1370,1510,2080,2390,1990,2010,2210,2000,2240,2560,2210,1680,870,680,420,280,13760,520,640,710,790,1070,1200,970,920,1030,950,980,1200,1060,780,410,310,160,70,15060,520,650,660,720,1010,1190,1020,1080,1180,1050,1260,1360,1150,890,460,380,250,210
Marymount,31540,1390,1660,1760,2180,2630,2110,2060,2230,2510,2470,2800,2560,1930,1380,740,550,300,290,15650,740,970,970,1180,1420,1040,920,1080,1180,1120,1330,1280,970,690,360,240,100,90,15880,650,690,800,1000,1220,1070,1140,1150,1330,1350,1470,1290,960,700,380,310,200,200
Upper Thomson,30340,1000,1380,1580,1830,2150,1970,1670,1760,2350,2340,2500,2580,2220,1800,1120,910,660,520,14700,540,690,810,950,1100,980,800,800,1120,1140,1160,1270,1100,870,500,420,270,170,15640,460,690,770,890,1050,990,870,960,1230,1200,1340,1310,1120,930,620,490,390,350
Boon Lay- Total,30,na,na,na,na,na,na,na,na,na,na,na,na,na,na,na,na,na,na,na,na,na,na,na,na,na,na,na,na,na,na,na,na,na,na,na,na,na,na,na,na,na,na,na,na,na,na,na,na,na,na,na,na,na,na,na,na
Liu Fang,10,na,na,na,na,na,na,na,na,na,na,na,na,na,na,na,na,na,na,na,na,na,na,na,na,na,na,na,na,na,na,na,na,na,na,na,na,na,na,na,na,na,na,na,na,na,na,na,na,na,na,na,na,na,na,na,na
SaMulun,10,na,na,na,na,na,na,na,na,na,na,na,na,na,na,na,na,na,na,na,na,na,na,na,na,na,na,na,na,na,na,na,na,na,na,na,na,na,na,na,na,na,na,na,na,na,na,na,na,na,na,na,na,na,na,na,na
Shipyard,na,na,na,na,na,na,na,na,na,na,na,na,na,na,na,na,na,na,na,na,na,na,na,na,na,na,na,na,na,na,na,na,na,na,na,na,na,na,na,na,na,na,na,na,na,na,na,na,na,na,na,na,na,na,na,na,na
Tukang,10,na,na,na,na,na,na,na,na,na,na,na,na,na,na,na,na,na,na,na,na,na,na,na,na,na,na,na,na,na,na,na,na,na,na,na,na,na,na,na,na,na,na,na,na,na,na,na,na,na,na,na,na,na,na,na,na
Bukit Batok- Total,139270,5510,6890,7970,9240,10070,10460,9760,9940,10980,11310,12190,11770,9370,5990,3060,2230,1450,1090,68650,2820,3450,4010,4690,5050,5220,4640,4710,5300,5590,6000,5920,4770,3010,1470,1060,580,370,70610,2680,3440,3950,4550,5020,5240,5120,5230,5680,5720,6180,5850,4610,2980,1600,1170,870,720
BrickWorks,na,na,na,na,na,na,na,na,na,na,na,na,na,na,na,na,na,na,na,na,na,na,na,na,na,na,na,na,na,na,na,na,na,na,na,na,na,na,na,na,na,na,na,na,na,na,na,na,na,na,na,na,na,na,na,na,na
Bukit Batok Central,26060,1020,1310,1500,1550,1750,2110,1860,1840,2030,2060,2090,2230,1840,1210,640,480,300,230,12780,540,670,770,780,850,1040,890,880,980,1010,1030,1100,930,600,290,230,110,80,13280,480,640,730,770,890,1070,970,960,1060,1050,1060,1130,910,610,350,250,190,150
Bukit Batok East,14570,500,670,710,860,990,1180,1100,1050,1150,1070,1250,1340,1150,720,320,250,170,110,7280,260,340,370,460,510,610,540,520,600,550,600,640,600,340,140,120,60,30,7290,230,330,340,400,480,570,560,530,560,520,650,700,550,380,180,130,110,80
Bukit Batok South,13940,520,680,850,1160,1210,1090,980,900,990,1210,1340,1200,830,460,200,160,100,80,6860,270,320,430,590,600,540,490,400,460,570,640,620,460,240,100,70,30,30,7080,260,360,410,570,600,550,490,500,530,640,700,580,370,220,100,100,70,60
Bukit Batok West,15190,590,770,860,970,1000,1120,1110,1140,1160,1170,1260,1300,1120,710,350,240,180,140,7460,310,380,450,480,510,550,520,560,570,590,640,650,540,360,170,110,70,30,7730,290,390,410,500,500,570,600,590,590,580,620,660,580,350,180,130,110,110
Gombak,9820,590,600,490,540,600,600,850,990,770,670,690,670,610,460,270,200,150,100,4840,290,330,260,270,330,290,380,490,380,330,340,330,300,220,120,90,60,30,4980,290,280,230,260,270,310,470,510,390,340,350,340,310,240,140,110,90,70
Guilin,13130,570,640,760,860,880,930,960,1030,1160,1170,1180,980,800,510,300,200,120,110,6390,280,310,350,440,450,460,440,470,560,570,600,520,380,240,140,90,50,40,6740,290,320,410,420,440,460,520,560,600,600,580,460,420,270,160,110,70,70
Hillview,18220,640,880,1210,1560,1510,1100,870,1030,1500,1760,1890,1460,1140,720,370,280,160,150,8790,330,420,560,740,740,540,390,440,650,830,950,750,580,390,200,140,70,60,9430,310,460,650,820,770,560,480,590,850,930,940,710,560,330,170,140,90,90
Hong Kah North,28340,1080,1350,1590,1740,2150,2340,2030,1960,2210,2210,2490,2590,1890,1210,620,420,270,180,14260,550,680,820,920,1070,1190,1000,950,1100,1150,1220,1310,990,620,290,210,120,70,14080,530,670,770,820,1080,1150,1030,1010,1110,1060,1270,1280,900,590,320,220,160,110
Bukit Merah- Total,155840,7210,7480,6640,6860,7700,9340,11070,12840,12730,11320,11320,11740,10920,10030,6480,5590,3540,3010,75450,3680,3760,3420,3430,3830,4530,5210,6080,6260,5790,5790,5960,5230,4590,2910,2480,1470,1040,80390,3530,3720,3220,3440,3870,4810,5860,6760,6470,5540,5530,5780,5700,5440,3580,3110,2070,1980
Alexandra Hill,15650,590,700,730,850,960,1020,980,960,1120,1100,1230,1250,1200,1080,630,550,380,350,7720,290,380,400,440,490,510,490,430,550,540,620,620,580,550,260,270,170,110,7930,300,320,320,410,470,510,490,520,570,550,610,630,620,530,370,280,210,240
Alexandra North,1000,70,70,50,60,30,60,80,130,110,110,60,60,30,30,20,20,na,na,450,30,40,20,20,20,30,40,50,50,50,30,30,10,10,10,10,na,na,550,40,30,30,40,20,30,50,80,60,60,30,30,20,20,na,10,na,na
Bukit Ho Swee,16290,740,660,570,670,780,1040,1300,1150,1120,1100,1240,1400,1260,1070,750,630,440,390,7980,380,330,300,330,380,500,610,560,560,590,650,740,650,510,340,260,150,140,8310,360,320,270,340,400,540,700,580,560,500,590,660,620,560,410,380,290,250
Bukit Merah,1190,50,60,60,60,60,80,70,80,90,90,90,80,80,100,60,40,20,20,570,20,30,30,40,30,40,40,30,40,50,40,30,40,40,30,20,10,10,610,30,30,30,20,30,50,40,50,60,40,50,40,40,60,20,20,10,20
City Terminals,40,na,na,na,na,na,na,na,na,na,na,na,na,na,na,na,na,na,na,na,na,na,na,na,na,na,na,na,na,na,na,na,na,na,na,na,na,na,na,na,na,na,na,na,na,na,na,na,na,na,na,na,na,na,na,na,na
Depot Road,5200,300,340,230,240,250,260,380,560,560,400,350,310,290,290,180,110,80,70,2480,150,170,120,120,130,130,170,250,270,200,180,160,120,130,80,50,30,20,2720,160,160,110,120,120,130,210,310,290,200,170,150,170,160,100,60,40,50
Everton Park,9010,410,410,370,350,420,540,670,760,830,640,590,650,700,600,370,330,190,180,4270,200,200,190,160,220,230,330,360,410,320,290,310,320,270,170,140,80,80,4750,210,210,180,190,200,310,340,400,430,320,300,340,390,330,210,190,110,110
Henderson Hill,12870,540,590,560,650,730,780,770,820,940,970,960,1030,870,850,620,570,370,260,6370,270,290,280,350,380,380,400,410,450,510,480,550,430,400,310,250,150,100,6500,270,300,280,300,350,410,380,410,490,460,470,480,440,450,310,320,220,160
Kampong Tiong Bahru,10460,350,430,410,460,530,640,660,680,790,790,790,880,850,770,500,470,260,210,5210,190,220,210,230,270,340,340,310,390,430,420,450,440,370,220,230,110,70,5240,170,210,200,220,270,300,330,370,400,360,380,430,410,410,270,240,150,140
Maritime Square,2560,190,160,130,110,100,100,210,300,310,260,240,160,120,80,40,40,10,20,1210,90,70,50,50,50,30,80,140,150,130,140,90,50,40,20,20,10,10,1340,100,90,80,60,50,70,130,160,160,130,100,80,60,40,20,20,na,10
Redhill,12210,760,760,540,530,580,710,840,1310,1010,910,900,850,670,580,370,370,240,290,5890,380,390,260,240,270,350,360,610,520,470,480,480,340,270,170,160,90,80,6320,380,370,280,290,310,360,480,700,480,450,420,370,330,310,210,220,150,210
Singapore General Hospital,10,na,na,na,na,na,na,na,na,na,na,na,na,na,na,na,na,na,na,na,na,na,na,na,na,na,na,na,na,na,na,na,na,na,na,na,na,na,na,na,na,na,na,na,na,na,na,na,na,na,na,na,na,na,na,na,na
Telok Blangah Drive,16000,670,700,710,700,780,950,1140,1330,1340,1170,1180,1150,1120,1130,720,590,380,240,7650,340,340,360,360,400,470,520,650,640,590,590,560,500,500,310,260,180,80,8350,330,360,350,340,380,480,620,680,700,580,590,580,620,630,410,330,200,170
Telok Blangah Rise,13820,450,500,580,630,770,860,880,1040,1100,960,940,1110,1240,1090,690,460,290,230,6640,250,250,300,300,360,440,450,490,520,490,470,500,570,490,320,220,130,90,7180,200,250,280,330,400,420,430,550,580,470,470,600,670,610,370,240,160,150
Telok Blangah Way,10690,460,500,430,430,490,540,670,850,890,760,870,910,810,710,490,410,270,210,5350,240,240,240,230,240,270,320,410,450,410,480,500,420,330,220,180,110,90,5340,220,260,200,200,260,270,350,440,440,350,400,410,390,390,270,230,160,120
Tiong Bahru,12190,690,600,430,420,440,780,1100,1310,1020,840,740,800,830,760,500,420,260,270,5700,350,290,220,210,220,360,520,640,520,410,350,370,370,320,200,180,100,80,6490,340,310,210,210,220,420,590,670,500,430,390,430,470,440,290,240,150,200
Tiong Bahru Station,16670,940,1010,840,710,790,980,1310,1580,1490,1240,1150,1140,840,890,560,580,360,270,7930,500,510,440,340,390,460,570,740,740,590,570,580,400,370,230,250,160,90,8740,430,500,410,370,400,520,740,840,750,640,580,560,450,520,330,330,200,180
Bukit Panjang- Total,139030,7330,7630,8460,9420,10400,10980,10690,10010,11180,10540,11620,10680,7880,5190,2740,2000,1290,1010,69160,3780,3850,4340,4800,5350,5370,5280,4820,5410,5240,5740,5530,4020,2630,1280,890,520,320,69870,3550,3770,4120,4620,5050,5600,5410,5190,5770,5310,5880,5150,3860,2560,1460,1120,780,680
Bangkit,23800,810,970,1280,1580,1990,2000,1430,1440,1640,1820,2320,2150,1580,1070,670,490,330,250,11900,410,520,630,810,1020,1070,760,700,800,870,1160,1110,800,520,300,220,130,90,11900,400,450,650,760,970,930,660,740,840,950,1170,1040,790,550,380,270,200,160
Dairy Farm,5390,220,300,390,380,420,380,290,340,490,460,480,430,330,220,100,70,40,50,2620,110,140,200,180,220,180,140,140,220,240,220,220,170,120,50,30,20,20,2770,110,150,190,200,200,210,150,200,270,230,260,210,160,100,40,40,30,30
Fajar,26770,1730,1630,1610,1700,2060,2150,2320,2110,2040,1890,2120,1830,1410,920,520,360,220,150,13390,880,820,860,920,1050,1030,1110,1040,1010,960,1050,950,730,460,250,160,90,40,13380,850,810,750,780,1010,1120,1210,1070,1040,930,1070,880,680,460,270,200,140,120
Jelebu,33470,1230,1590,1960,2490,2780,2540,2030,2130,2640,2800,3080,2850,2110,1370,720,570,340,240,16660,660,800,1010,1240,1470,1280,1030,1000,1240,1380,1460,1470,1080,700,350,260,150,70,16810,570,790,950,1250,1310,1260,1000,1130,1400,1420,1620,1380,1040,670,370,320,190,170
Nature Reserve,3870,180,230,270,280,270,240,220,240,370,360,360,280,220,160,80,60,30,20,1820,80,110,120,130,110,110,90,110,170,190,180,140,110,80,40,30,20,10,2050,90,120,150,150,150,130,140,140,200,170,180,140,110,80,40,30,20,20
Saujana,25530,1600,1490,1570,1810,1780,2250,2380,1970,2050,1790,1950,1920,1310,780,320,230,180,150,12710,830,760,800,910,910,1050,1180,980,1000,880,980,980,680,420,160,90,60,50,12820,770,730,770,900,870,1200,1200,1000,1050,910,980,940,620,370,160,140,110,110
Senja,20200,1560,1420,1390,1180,1110,1420,2020,1780,1940,1420,1300,1220,920,670,330,220,150,140,10060,800,700,720,610,570,660,960,860,980,720,680,660,460,330,150,110,60,60,10140,760,720,670,580,540,760,1050,930,960,710,620,560,470,340,190,110,90,90
Bukit Timah- Total,74470,3140,4660,4810,4820,4980,4310,3770,4940,6630,6330,5820,5330,4550,3930,2380,1880,1210,1000,34660,1520,2020,2250,2270,2320,1970,1680,2170,3050,3050,2770,2550,2210,1930,1140,850,560,370,39810,1610,2640,2560,2550,2660,2340,2090,2770,3580,3290,3060,2780,2340,2010,1240,1030,660,630
Anak Bukit,21990,720,1160,1350,1480,1800,1550,1160,1300,1670,1700,1760,1830,1510,1140,690,550,350,260,10530,370,570,710,730,890,750,560,570,760,790,820,860,750,560,340,250,160,100,11460,350,580,650,750,910,810,600,730,910,910,940,980,760,590,350,300,190,160
Coronation Road,6170,310,470,420,350,360,330,290,430,610,500,450,370,340,320,240,180,110,100,2840,130,200,190,170,180,130,120,190,280,240,220,180,160,150,110,90,50,40,3330,170,260,230,190,190,190,170,240,330,260,230,190,170,170,130,100,60,60
Farrer Court,4680,240,310,260,240,230,230,290,390,450,390,370,290,260,270,150,140,110,80,2190,110,150,130,100,120,110,110,180,230,190,180,140,110,120,70,60,50,40,2490,130,160,130,140,110,120,180,210,220,200,190,150,150,150,80,70,60,50
Hillcrest,8810,410,640,590,610,490,400,410,600,850,830,710,590,430,430,300,240,160,130,3950,180,230,240,280,210,170,180,240,410,400,350,290,200,210,140,110,70,50,4870,230,410,360,330,280,230,230,360,440,430,360,300,230,220,150,130,100,80
Holland Road,10280,510,770,760,740,620,500,450,730,1080,960,800,650,550,440,270,230,140,110,4550,250,260,320,310,230,200,190,320,480,490,390,330,270,210,120,110,60,30,5730,260,510,440,420,390,300,260,410,600,470,410,320,280,230,150,130,80,80
Leedon Park,6260,290,350,350,360,390,340,360,450,570,590,460,450,390,380,210,140,80,90,2880,140,160,150,160,180,160,160,210,250,280,220,190,200,200,100,60,40,30,3380,150,190,200,200,210,180,200,240,320,310,240,260,200,180,110,80,50,60
Swiss Club,5550,220,340,390,370,370,320,300,340,490,510,420,380,340,250,170,130,110,100,2580,110,130,190,180,160,140,120,150,230,250,190,190,170,130,80,60,50,50,2970,110,210,200,190,210,180,180,200,260,260,220,190,170,120,90,70,60,60
Ulu Pandan,10730,430,640,690,670,720,640,520,700,910,850,860,770,730,710,360,270,160,120,5140,230,320,330,330,360,300,250,320,410,400,400,370,350,350,180,120,80,40,5590,200,320,350,340,360,330,270,380,500,460,460,390,380,360,180,160,80,80
Central Water Catchment- Total,10,na,na,na,na,na,na,na,na,na,na,na,na,na,na,na,na,na,na,na,na,na,na,na,na,na,na,na,na,na,na,na,na,na,na,na,na,na,na,na,na,na,na,na,na,na,na,na,na,na,na,na,na,na,na,na,na
Central Water Catchment,10,na,na,na,na,na,na,na,na,na,na,na,na,na,na,na,na,na,na,na,na,na,na,na,na,na,na,na,na,na,na,na,na,na,na,na,na,na,na,na,na,na,na,na,na,na,na,na,na,na,na,na,na,na,na,na,na
Changi- Total,2530,180,230,220,150,130,100,170,240,290,220,140,120,90,90,50,30,30,40,1300,100,120,110,80,70,50,70,120,150,130,80,60,60,50,30,10,10,10,1230,90,110,100,70,70,60,100,130,140,100,60,50,40,40,30,10,20,20
Changi Airport,na,na,na,na,na,na,na,na,na,na,na,na,na,na,na,na,na,na,na,na,na,na,na,na,na,na,na,na,na,na,na,na,na,na,na,na,na,na,na,na,na,na,na,na,na,na,na,na,na,na,na,na,na,na,na,na,na
Changi Point,790,20,30,40,40,40,40,30,50,60,70,70,70,60,60,30,20,20,30,420,10,10,20,30,20,20,20,20,40,30,40,40,40,30,20,10,10,10,370,10,20,20,20,20,20,20,30,30,40,30,30,30,20,10,10,10,20
Changi West,1740,160,200,180,110,90,70,140,190,230,150,70,40,30,30,20,10,10,10,880,80,100,100,60,40,30,50,90,120,90,40,20,20,20,10,na,na,10,860,80,100,80,50,50,40,80,100,110,60,30,20,10,10,10,10,10,na
Changi Bay- Total,na,na,na,na,na,na,na,na,na,na,na,na,na,na,na,na,na,na,na,na,na,na,na,na,na,na,na,na,na,na,na,na,na,na,na,na,na,na,na,na,na,na,na,na,na,na,na,na,na,na,na,na,na,na,na,na,na
Changi Bay,na,na,na,na,na,na,na,na,na,na,na,na,na,na,na,na,na,na,na,na,na,na,na,na,na,na,na,na,na,na,na,na,na,na,na,na,na,na,na,na,na,na,na,na,na,na,na,na,na,na,na,na,na,na,na,na,na
Choa Chu Kang- Total,174330,7170,9340,11380,14820,15230,11940,11540,11960,13710,15990,16190,12910,8830,5650,2990,2220,1430,1040,86990,3630,4840,5700,7670,7810,6080,5530,5670,6430,7680,8360,6830,4660,2830,1400,980,550,340,87340,3530,4500,5680,7150,7420,5860,6010,6290,7280,8300,7830,6070,4180,2810,1600,1240,880,700
Choa Chu Kang Central,21400,820,1130,1340,1760,1980,1500,1300,1490,1720,1990,2080,1570,1060,710,400,270,150,120,10600,430,560,700,880,1020,740,630,700,790,950,1060,860,550,340,190,140,50,40,10800,400,570,640,880,970,770,670,790,930,1050,1020,710,510,370,210,140,100,90
Choa Chu Kang North,34380,1150,1750,2610,3740,3290,2160,1870,1890,2490,3780,3490,2410,1500,930,500,390,270,180,17000,580,870,1280,1910,1680,1090,900,880,1100,1700,1910,1340,790,450,210,150,100,60,17380,580,880,1330,1840,1610,1070,970,1010,1400,2070,1590,1070,710,470,290,230,170,110
Keat Hong,15660,520,780,1000,1410,1580,1060,950,1010,1140,1440,1580,1240,800,500,240,190,140,100,7860,250,400,500,740,830,540,450,470,560,660,810,680,440,270,110,80,40,40,7800,270,380,500,670,750,520,490,540,590,780,770,560,360,230,120,110,100,70
Peng Siang,32130,1470,1630,1940,2490,2810,2420,2480,2180,2440,2680,2880,2410,1800,1160,510,380,270,220,16150,750,870,970,1300,1450,1200,1230,1070,1160,1320,1440,1250,940,600,270,170,110,70,15980,720,760,970,1190,1360,1210,1250,1120,1280,1360,1440,1160,860,560,240,210,160,150
Teck Whye,27040,1040,1160,1470,1980,2500,2050,1790,1560,1830,2090,2620,2230,1720,1190,740,510,320,230,13590,520,620,720,1040,1300,1080,910,760,860,1060,1300,1130,880,600,360,230,140,80,13450,520,540,750,940,1210,970,880,800,970,1030,1320,1100,840,600,380,280,180,150
Yew Tee,43710,2170,2900,3020,3440,3070,2750,3160,3830,4080,4010,3530,3060,1950,1170,620,480,290,200,21790,1120,1520,1530,1810,1540,1420,1400,1790,1960,2000,1840,1580,1050,580,260,210,100,60,21930,1050,1380,1490,1620,1530,1330,1750,2040,2120,2020,1690,1470,900,590,350,270,180,130
Clementi- Total,91630,3910,4420,4480,4690,4850,5820,6630,7310,7600,6950,6960,6550,6630,6200,3350,2600,1480,1200,43870,1970,2260,2260,2370,2420,2790,3180,3430,3650,3390,3490,3030,2890,2900,1610,1210,610,410,47760,1940,2160,2220,2330,2430,3030,3450,3880,3940,3560,3480,3520,3740,3300,1740,1380,870,780
Clementi Central,13490,560,700,660,660,700,780,1000,1110,1170,1010,990,980,940,880,520,400,230,190,6470,280,360,340,350,370,350,470,530,570,490,520,440,390,400,250,200,90,60,7020,280,340,320,310,340,430,520,580,600,520,470,540,550,480,270,210,140,120
Clementi North,28730,1080,1150,1160,1310,1360,1850,2130,2310,2400,2030,2140,2000,2230,2240,1220,1020,600,500,13470,540,590,620,650,680,860,1050,1100,1150,960,1050,880,890,1010,580,460,240,180,15260,530,560,550,650,680,990,1080,1210,1260,1080,1100,1120,1340,1240,640,560,350,330
Clementi West,16470,690,750,850,880,890,1000,1240,1310,1330,1310,1280,1330,1260,1060,530,380,210,150,8070,370,370,420,430,430,520,600,620,670,680,670,640,590,490,270,180,90,60,8400,330,380,430,440,460,480,650,690,670,630,610,690,680,570,270,200,120,100
Clementi Woods,16400,830,800,790,850,860,1160,1340,1310,1230,1200,1290,1120,1080,1090,570,440,250,200,7890,400,410,390,420,410,530,640,620,610,600,650,550,500,520,280,210,100,70,8510,430,390,410,430,450,630,700,690,620,600,650,570,580,570,290,240,150,130
Faber,4320,170,300,290,300,290,290,200,310,370,370,360,300,280,190,140,80,50,40,2100,90,150,160,150,160,150,90,130,170,170,170,150,150,100,50,40,30,10,2220,90,150,130,150,140,140,110,180,200,200,190,150,140,90,80,40,30,30
Pandan,10,na,na,na,na,na,na,na,na,na,na,na,na,na,na,na,na,na,na,na,na,na,na,na,na,na,na,na,na,na,na,na,na,na,na,na,na,na,na,na,na,na,na,na,na,na,na,na,na,na,na,na,na,na,na,na,na
Sunset Way,6290,220,270,300,370,410,460,380,400,440,510,500,490,530,440,230,170,100,70,2920,100,120,150,190,200,230,170,190,190,220,240,210,230,230,110,80,40,30,3370,110,150,150,180,210,240,210,210,250,290,260,280,300,210,130,90,60,50
Toh Tuck,40,na,na,na,na,na,na,na,na,na,na,na,na,na,na,na,na,na,na,na,na,na,na,na,na,na,na,na,na,na,na,na,na,na,na,na,na,na,na,na,na,na,na,na,na,na,na,na,na,na,na,na,na,na,na,na,na
West Coast,5890,360,450,420,340,340,280,350,560,650,510,400,340,310,290,140,100,40,40,2930,190,250,200,170,180,150,160,240,310,270,190,170,150,150,70,50,10,10,2960,170,190,220,160,160,130,190,320,340,240,200,170,160,140,70,40,30,30
Downtown Core- Total,3720,120,100,100,120,140,210,330,370,360,330,280,280,250,250,140,140,70,130,1860,50,60,40,60,60,100,160,170,190,180,160,160,110,120,70,60,20,80,1860,70,50,60,60,80,110,160,190,170,150,120,130,140,120,80,80,50,50
Anson,80,na,na,na,na,na,na,na,na,na,na,na,na,na,na,na,na,na,na,na,na,na,na,na,na,na,na,na,na,na,na,na,na,na,na,na,na,na,na,na,na,na,na,na,na,na,na,na,na,na,na,na,na,na,na,na,na
Bayfront Subzone,na,na,na,na,na,na,na,na,na,na,na,na,na,na,na,na,na,na,na,na,na,na,na,na,na,na,na,na,na,na,na,na,na,na,na,na,na,na,na,na,na,na,na,na,na,na,na,na,na,na,na,na,na,na,na,na,na
Bugis,2330,60,60,60,90,110,130,160,160,170,190,160,190,210,210,120,130,60,80,1110,20,40,20,50,50,70,80,70,90,100,80,100,90,100,50,50,20,30,1220,40,20,30,40,50,70,80,90,80,90,90,90,120,110,70,70,40,40
Cecil,160,10,10,10,na,na,10,30,30,20,20,20,10,na,na,na,na,na,na,90,na,na,na,na,na,10,20,10,10,10,10,10,na,na,na,na,na,na,70,10,na,na,na,na,na,10,20,10,10,na,na,na,na,na,na,na,na
Central Subzone,480,30,20,10,20,20,30,50,80,70,50,40,30,20,10,10,na,na,na,230,10,10,10,10,na,10,20,40,40,30,20,20,10,na,10,na,na,na,250,10,10,10,10,10,20,30,40,30,30,10,20,10,10,na,na,na,na
City Hall,60,na,na,na,na,na,na,na,na,na,na,na,na,na,na,na,na,na,na,na,na,na,na,na,na,na,na,na,na,na,na,na,na,na,na,na,na,na,na,na,na,na,na,na,na,na,na,na,na,na,na,na,na,na,na,na,na
Clifford Pier,na,na,na,na,na,na,na,na,na,na,na,na,na,na,na,na,na,na,na,na,na,na,na,na,na,na,na,na,na,na,na,na,na,na,na,na,na,na,na,na,na,na,na,na,na,na,na,na,na,na,na,na,na,na,na,na,na
Marina Centre,20,na,na,na,na,na,na,na,na,na,na,na,na,na,na,na,na,na,na,na,na,na,na,na,na,na,na,na,na,na,na,na,na,na,na,na,na,na,na,na,na,na,na,na,na,na,na,na,na,na,na,na,na,na,na,na,na
Maxwell,na,na,na,na,na,na,na,na,na,na,na,na,na,na,na,na,na,na,na,na,na,na,na,na,na,na,na,na,na,na,na,na,na,na,na,na,na,na,na,na,na,na,na,na,na,na,na,na,na,na,na,na,na,na,na,na,na
Phillip,na,na,na,na,na,na,na,na,na,na,na,na,na,na,na,na,na,na,na,na,na,na,na,na,na,na,na,na,na,na,na,na,na,na,na,na,na,na,na,na,na,na,na,na,na,na,na,na,na,na,na,na,na,na,na,na,na
Raffles Place,60,na,na,na,na,na,na,na,na,na,na,na,na,na,na,na,na,na,na,na,na,na,na,na,na,na,na,na,na,na,na,na,na,na,na,na,na,na,na,na,na,na,na,na,na,na,na,na,na,na,na,na,na,na,na,na,na
Tanjong Pagar,520,10,10,10,10,10,30,70,70,70,50,50,30,20,20,10,10,10,50,290,10,na,na,10,na,10,30,30,30,30,30,30,10,10,na,na,na,40,240,na,na,10,10,10,20,40,40,40,20,20,10,10,na,na,na,na,na
Geylang- Total,116960,4490,5350,5420,6320,7540,8130,8180,8720,9000,8790,9610,9620,8070,6460,3890,3290,2240,1850,58090,2300,2810,2720,3220,3830,4090,3940,4180,4460,4440,4990,5000,4100,3140,1840,1450,920,670,58870,2190,2540,2700,3110,3710,4040,4230,4540,4540,4350,4620,4620,3980,3330,2050,1840,1330,1180
Aljunied,41710,1530,1930,1880,2120,2450,2810,2920,3240,3560,3210,3390,3370,2880,2310,1380,1190,810,740,20780,790,1000,970,1070,1230,1370,1420,1530,1770,1670,1810,1770,1450,1120,700,520,320,270,20930,730,920,910,1060,1220,1440,1510,1700,1790,1540,1580,1600,1420,1180,690,670,490,470
Geylang East,33380,1490,1630,1490,1760,2100,2250,2520,2740,2590,2330,2490,2570,2270,2050,1080,900,600,510,16310,740,850,740,880,1070,1120,1160,1320,1300,1130,1270,1270,1120,980,510,430,250,180,17070,750,790,750,870,1030,1130,1360,1420,1300,1200,1220,1300,1150,1070,570,480,360,340
Kallang Way,40,na,na,na,na,na,na,na,na,na,na,na,na,na,na,na,na,na,na,na,na,na,na,na,na,na,na,na,na,na,na,na,na,na,na,na,na,na,na,na,na,na,na,na,na,na,na,na,na,na,na,na,na,na,na,na,na
Kampong Ubi,13210,480,600,690,830,1080,1210,1000,930,880,880,1160,1230,940,600,320,180,110,90,6660,250,310,360,440,530,620,510,470,430,440,560,620,490,310,160,90,50,30,6550,230,290,330,380,550,590,490,470,450,430,610,610,450,290,160,100,70,50
Macpherson,28630,980,1190,1360,1620,1910,1860,1730,1810,1960,2380,2570,2460,1980,1510,1100,1020,710,500,14320,510,650,650,830,1000,980,850,860,970,1200,1360,1340,1030,730,470,420,300,180,14320,470,540,710,790,910,880,880,950,1000,1180,1210,1120,950,790,630,600,410,320
Hougang- Total,222310,8390,10010,11670,14390,16830,16650,15010,14840,16700,17010,19620,19270,15060,10830,5970,4670,3050,2340,109560,4280,4990,5980,7400,8590,8360,7240,6980,8120,8180,9790,9720,7670,5420,2810,2100,1200,720,112750,4110,5020,5700,6990,8240,8290,7770,7860,8590,8830,9830,9550,7390,5410,3150,2570,1850,1620
Defu Industrial Park,20,na,na,na,na,na,na,na,na,na,na,na,na,na,na,na,na,na,na,na,na,na,na,na,na,na,na,na,na,na,na,na,na,na,na,na,na,na,na,na,na,na,na,na,na,na,na,na,na,na,na,na,na,na,na,na,na
Hougang Central,4830,140,210,270,360,410,380,280,270,320,420,430,430,320,220,120,110,70,60,2430,60,110,140,200,230,210,150,120,150,210,200,220,170,110,60,40,30,20,2400,80,100,130,160,180,170,130,150,180,210,230,220,150,110,60,70,40,40
Hougang East,21940,1010,880,960,1380,1910,2020,1880,1510,1430,1480,2010,1870,1420,950,500,340,220,170,10770,530,430,510,690,1000,970,940,730,710,660,960,940,730,450,250,160,70,50,11170,490,460,450,690,910,1050,940,780,710,830,1050,930,690,490,250,180,150,120
Hougang West,50120,1640,1920,2250,3110,4190,4250,3400,3060,3450,3700,4820,4830,3710,2530,1300,940,610,420,24780,860,1010,1190,1600,2160,2170,1640,1470,1740,1730,2340,2400,1840,1290,600,400,210,130,25340,780,920,1060,1510,2030,2080,1760,1590,1720,1970,2470,2420,1870,1240,700,540,400,290
Kangkar,26080,1040,1140,1440,1570,1790,1870,1830,1790,2100,2030,2250,2170,1720,1280,780,650,380,270,12890,520,580,740,810,930,930,910,880,1000,980,1150,1080,870,630,350,300,140,90,13200,520,570,700,760,860,940,920,910,1090,1050,1100,1090,850,660,430,350,230,190
Kovan,25640,970,1190,1430,1740,2000,1930,1580,1720,2030,1840,2090,2190,1720,1270,680,580,350,340,12470,490,610,750,880,1000,960,750,780,970,890,1000,1050,890,650,310,250,140,110,13170,470,580,680,850,1000,980,830,940,1060,950,1090,1150,830,620,360,340,200,240
Lorong Ah Soo,34180,1170,1460,1730,1980,2230,2340,2290,2370,2630,2620,2760,2900,2510,2000,1200,940,620,440,16320,580,690,840,950,1100,1180,1070,1080,1260,1280,1400,1390,1200,930,550,430,250,140,17870,590,770,890,1030,1140,1160,1220,1290,1370,1340,1350,1520,1310,1080,650,510,370,300
Lorong Halus,na,na,na,na,na,na,na,na,na,na,na,na,na,na,na,na,na,na,na,na,na,na,na,na,na,na,na,na,na,na,na,na,na,na,na,na,na,na,na,na,na,na,na,na,na,na,na,na,na,na,na,na,na,na,na,na,na
Tai Seng,14700,560,740,830,1040,1050,1020,860,910,1080,1110,1240,1190,1010,720,450,410,280,240,7130,280,360,390,540,500,500,420,410,500,520,620,600,510,370,220,200,140,70,7580,280,380,440,500,550,520,440,500,580,590,610,590,500,350,230,210,150,170
Trafalgar,44800,1870,2470,2770,3210,3250,2840,2900,3220,3660,3800,4030,3690,2650,1860,950,710,530,400,22770,970,1220,1420,1730,1680,1440,1370,1510,1780,1910,2110,2040,1460,1000,480,340,220,120,22030,900,1250,1350,1480,1570,1400,1530,1710,1880,1890,1920,1650,1190,870,470,370,310,280
Jurong East- Total,84980,3290,3880,4550,4970,5760,6570,6360,6070,6530,6240,6720,7020,6420,4760,2360,1690,1040,760,42270,1670,1970,2350,2560,2990,3300,3110,2900,3200,3170,3360,3450,3230,2390,1190,760,440,260,42710,1620,1910,2200,2410,2770,3270,3260,3180,3330,3080,3360,3570,3190,2380,1170,930,600,500
International Business Park,10,na,na,na,na,na,na,na,na,na,na,na,na,na,na,na,na,na,na,na,na,na,na,na,na,na,na,na,na,na,na,na,na,na,na,na,na,na,na,na,na,na,na,na,na,na,na,na,na,na,na,na,na,na,na,na,na
Jurong Gateway,20,na,na,na,na,na,na,na,na,na,na,na,na,na,na,na,na,na,na,na,na,na,na,na,na,na,na,na,na,na,na,na,na,na,na,na,na,na,na,na,na,na,na,na,na,na,na,na,na,na,na,na,na,na,na,na,na
Jurong Port,10,na,na,na,na,na,na,na,na,na,na,na,na,na,na,na,na,na,na,na,na,na,na,na,na,na,na,na,na,na,na,na,na,na,na,na,na,na,na,na,na,na,na,na,na,na,na,na,na,na,na,na,na,na,na,na,na
Jurong River,10,na,na,na,na,na,na,na,na,na,na,na,na,na,na,na,na,na,na,na,na,na,na,na,na,na,na,na,na,na,na,na,na,na,na,na,na,na,na,na,na,na,na,na,na,na,na,na,na,na,na,na,na,na,na,na,na
Lakeside,1010,30,30,30,40,60,80,90,70,70,90,80,70,80,70,60,30,20,10,500,10,20,20,20,30,40,50,30,40,50,40,30,40,40,30,20,10,na,500,10,20,10,20,30,50,40,40,40,30,40,40,40,30,30,20,10,10
Penjuru Crescent,10,na,na,na,na,na,na,na,na,na,na,na,na,na,na,na,na,na,na,na,na,na,na,na,na,na,na,na,na,na,na,na,na,na,na,na,na,na,na,na,na,na,na,na,na,na,na,na,na,na,na,na,na,na,na,na,na
Teban Gardens,19080,880,920,970,1050,1180,1320,1540,1460,1420,1310,1410,1410,1530,1260,630,410,220,170,9570,450,460,500,550,610,650,750,720,720,680,740,700,740,620,330,200,90,60,9510,430,460,470,510,570,670,800,750,700,630,670,700,790,640,300,210,130,110
Toh Guan,16510,640,800,1010,1070,1260,1400,1200,1140,1300,1290,1390,1490,1120,680,290,210,160,100,8240,320,390,520,560,660,730,610,530,610,650,670,730,590,350,160,80,60,30,8270,310,410,480,510,600,680,590,610,690,640,720,760,530,320,140,130,100,70
Yuhua East,27460,970,1150,1420,1520,1800,2090,2080,2000,2120,2010,2140,2310,2120,1660,830,610,380,270,13510,490,590,740,770,940,1020,1010,930,1070,990,1070,1120,1050,800,400,280,150,90,13960,470,560,690,750,860,1070,1070,1070,1050,1020,1070,1200,1070,860,430,330,220,180
Yuhua West,20870,780,970,1120,1290,1450,1670,1450,1400,1620,1550,1700,1740,1570,1090,560,440,270,210,10420,390,500,570,670,750,860,690,690,770,800,830,870,810,580,280,180,120,70,10450,390,470,550,630,710,810,760,710,850,750,870,870,760,520,280,260,150,140
Victoria,2060,50,50,50,70,100,130,150,160,150,130,180,200,170,170,110,100,50,60,980,30,20,20,40,40,70,70,70,70,70,100,90,80,70,60,40,20,30,1090,20,30,30,30,50,60,80,90,80,60,80,110,90,100,60,60,30,30
Jurong West- Total,272660,13600,15900,16700,18020,19070,19930,22540,23410,23070,21680,20670,19100,15870,10820,5250,3550,2080,1410,137560,6860,8120,8620,9190,9750,9830,10670,11660,11800,11180,10940,9760,8050,5610,2540,1680,830,480,135110,6740,7780,8080,8830,9320,10100,11870,11750,11270,10500,9730,9350,7820,5210,2710,1870,1250,940
Boon Lay Place,31100,1930,1830,1740,1990,1990,2280,2830,2340,2440,2530,2390,2060,1760,1280,760,500,270,190,15950,1000,950,920,1020,980,1030,1400,1220,1200,1360,1370,1140,880,670,370,240,130,70,15160,920,880,820,960,1010,1250,1430,1120,1240,1170,1020,920,880,610,390,270,150,130
Chin Bee,na,na,na,na,na,na,na,na,na,na,na,na,na,na,na,na,na,na,na,na,na,na,na,na,na,na,na,na,na,na,na,na,na,na,na,na,na,na,na,na,na,na,na,na,na,na,na,na,na,na,na,na,na,na,na,na,na
Hong Kah,56870,2120,2660,3200,3530,3820,4320,4210,4320,4580,4320,4350,4590,4230,3080,1530,1020,600,400,28380,1060,1320,1640,1790,1920,2170,2050,2120,2310,2220,2260,2210,2100,1560,750,500,270,140,28490,1060,1340,1560,1740,1900,2150,2160,2200,2270,2100,2090,2380,2130,1520,780,510,330,270
Jurong West Central,68200,4170,4890,4420,3900,3840,4970,6520,7430,6640,5000,4400,4300,3450,2150,890,630,380,260,34280,2090,2530,2280,1990,1980,2520,2950,3590,3420,2660,2290,2130,1770,1160,440,290,130,80,33920,2080,2360,2140,1910,1860,2450,3570,3840,3220,2340,2110,2170,1680,990,450,350,250,170
Kian Teck,50,na,na,na,na,na,na,na,na,na,na,na,na,na,na,na,na,na,na,na,na,na,na,na,na,na,na,na,na,na,na,na,na,na,na,na,na,na,na,na,na,na,na,na,na,na,na,na,na,na,na,na,na,na,na,na,na
Safti,na,na,na,na,na,na,na,na,na,na,na,na,na,na,na,na,na,na,na,na,na,na,na,na,na,na,na,na,na,na,na,na,na,na,na,na,na,na,na,na,na,na,na,na,na,na,na,na,na,na,na,na,na,na,na,na,na
Taman Jurong,36940,1890,2060,2270,2620,2600,2620,3000,2860,3010,3200,2850,2600,2070,1440,760,530,350,230,18510,950,1050,1170,1310,1270,1280,1410,1470,1480,1670,1490,1370,1070,740,330,240,140,90,18430,940,1010,1100,1310,1330,1340,1600,1390,1530,1540,1360,1230,1000,700,420,290,210,140
Wenya,8610,700,780,560,370,360,530,1030,1130,840,590,440,430,360,240,120,70,40,20,4400,340,400,300,200,190,240,450,590,490,340,240,210,200,110,60,30,20,10,4210,360,380,270,180,170,290,580,550,350,250,210,220,160,140,60,40,30,10
Yunnan,70890,2780,3680,4500,5620,6470,5210,4950,5330,5560,6030,6240,5130,3990,2630,1200,800,440,310,36010,1410,1870,2320,2890,3410,2600,2420,2680,2890,2930,3290,2700,2020,1380,590,390,160,90,34880,1370,1820,2190,2730,3060,2620,2540,2650,2670,3100,2940,2440,1970,1250,610,420,290,220
Kallang- Total,101210,4340,4440,4480,4750,5120,6120,7250,8260,8610,7770,7820,7840,7060,6100,3910,3400,2130,1810,50410,2220,2250,2320,2420,2550,2980,3370,3980,4290,4040,4130,4160,3610,3030,1880,1590,920,690,50800,2120,2200,2160,2330,2580,3150,3880,4280,4320,3740,3690,3680,3450,3070,2030,1810,1210,1120
Bendemeer,33830,1660,1470,1380,1530,1690,2260,2820,2950,2760,2390,2380,2600,2400,1960,1280,1040,660,580,16550,880,770,710,790,880,1090,1280,1440,1340,1210,1230,1280,1170,950,580,480,270,190,17280,790,700,670,750,810,1170,1540,1510,1410,1180,1150,1320,1230,1020,700,560,390,390
Boon Keng,10970,480,430,480,510,610,680,850,860,820,860,860,900,750,650,400,380,240,210,5340,250,200,230,260,280,350,400,420,420,420,460,460,380,300,180,160,90,80,5630,230,230,250,250,330,330,450,450,410,440,400,440,370,340,220,230,160,130
Crawford,9740,300,320,350,370,460,480,510,560,630,690,870,880,820,820,560,520,330,270,5380,150,160,180,180,230,250,250,290,350,390,520,580,490,470,310,280,170,140,4360,140,160,170,190,240,220,260,280,280,300,350,300,330,350,260,240,160,130
Geylang Bahru,12870,400,520,620,690,660,780,760,950,1090,1070,1090,1020,880,750,520,490,330,250,6440,210,260,330,370,350,390,380,460,540,580,580,530,440,370,220,220,140,90,6430,200,260,290,320,310,390,380,490,550,490,510,500,440,390,300,270,190,150
Kallang Bahru,30,na,na,na,na,na,na,na,na,na,na,na,na,na,na,na,na,na,na,na,na,na,na,na,na,na,na,na,na,na,na,na,na,na,na,na,na,na,na,na,na,na,na,na,na,na,na,na,na,na,na,na,na,na,na,na,na
Kampong Bugis,890,40,20,30,40,60,80,80,70,60,50,70,90,80,60,30,20,20,10,450,20,10,20,30,40,40,30,40,30,30,30,40,40,30,10,10,10,na,440,20,10,10,20,30,40,50,30,30,20,30,50,40,30,10,10,10,10
Kampong Java,11260,460,550,500,550,580,640,750,930,1040,860,860,800,770,750,420,390,220,200,5540,250,320,290,280,300,290,340,450,500,430,440,420,360,340,210,180,90,70,5720,210,240,210,270,290,350,410,490,530,430,420,380,400,410,210,220,130,130
Lavender,10320,420,480,480,450,530,640,740,830,930,780,810,790,730,640,380,330,200,160,5400,190,220,260,250,260,320,370,390,500,430,430,470,410,370,200,170,110,70,4920,230,250,220,200,270,330,370,440,440,350,390,320,320,270,170,160,90,90
Tanjong Rhu,11310,590,660,650,590,520,570,740,1100,1280,1080,890,750,640,460,320,220,130,130,5290,280,310,300,260,220,240,320,490,610,550,440,380,330,210,160,90,50,40,6020,300,360,350,330,300,330,420,610,670,530,440,370,310,250,160,130,80,90
Lim Chu Kang- Total,90,na,na,na,na,na,na,na,na,na,na,na,na,na,na,na,na,na,na,na,na,na,na,na,na,na,na,na,na,na,na,na,na,na,na,na,na,na,na,na,na,na,na,na,na,na,na,na,na,na,na,na,na,na,na,na,na
Lim Chu Kang,90,na,na,na,na,na,na,na,na,na,na,na,na,na,na,na,na,na,na,na,na,na,na,na,na,na,na,na,na,na,na,na,na,na,na,na,na,na,na,na,na,na,na,na,na,na,na,na,na,na,na,na,na,na,na,na,na
Mandai- Total,2120,90,120,150,170,150,140,150,170,190,180,170,140,90,80,50,40,20,10,1000,50,50,70,80,60,70,70,70,90,80,80,70,50,40,30,20,10,10,1120,40,70,80,90,90,70,70,100,100,100,80,70,40,40,30,20,10,10
Mandai East,na,na,na,na,na,na,na,na,na,na,na,na,na,na,na,na,na,na,na,na,na,na,na,na,na,na,na,na,na,na,na,na,na,na,na,na,na,na,na,na,na,na,na,na,na,na,na,na,na,na,na,na,na,na,na,na,na
Mandai Estate,2120,90,120,150,170,150,140,150,170,190,180,170,140,90,80,50,40,20,10,1000,50,50,70,80,60,70,70,70,90,80,80,70,50,40,30,20,10,10,1120,40,70,80,90,90,70,70,100,100,100,80,70,40,40,30,20,10,10
Mandai West,na,na,na,na,na,na,na,na,na,na,na,na,na,na,na,na,na,na,na,na,na,na,na,na,na,na,na,na,na,na,na,na,na,na,na,na,na,na,na,na,na,na,na,na,na,na,na,na,na,na,na,na,na,na,na,na,na
Marina East- Total,na,na,na,na,na,na,na,na,na,na,na,na,na,na,na,na,na,na,na,na,na,na,na,na,na,na,na,na,na,na,na,na,na,na,na,na,na,na,na,na,na,na,na,na,na,na,na,na,na,na,na,na,na,na,na,na,na
Marina East,na,na,na,na,na,na,na,na,na,na,na,na,na,na,na,na,na,na,na,na,na,na,na,na,na,na,na,na,na,na,na,na,na,na,na,na,na,na,na,na,na,na,na,na,na,na,na,na,na,na,na,na,na,na,na,na,na
Marina South- Total,na,na,na,na,na,na,na,na,na,na,na,na,na,na,na,na,na,na,na,na,na,na,na,na,na,na,na,na,na,na,na,na,na,na,na,na,na,na,na,na,na,na,na,na,na,na,na,na,na,na,na,na,na,na,na,na,na
Marina South,na,na,na,na,na,na,na,na,na,na,na,na,na,na,na,na,na,na,na,na,na,na,na,na,na,na,na,na,na,na,na,na,na,na,na,na,na,na,na,na,na,na,na,na,na,na,na,na,na,na,na,na,na,na,na,na,na
Marine Parade- Total,48730,2180,2710,2690,2600,2690,2610,2880,3860,4580,3830,3680,3370,2890,2760,1780,1650,1030,940,22970,1130,1330,1340,1260,1300,1240,1270,1730,2150,1910,1770,1680,1350,1250,800,730,430,320,25770,1050,1380,1350,1340,1390,1370,1610,2140,2430,1920,1910,1690,1550,1510,990,930,600,620
East Coast,na,na,na,na,na,na,na,na,na,na,na,na,na,na,na,na,na,na,na,na,na,na,na,na,na,na,na,na,na,na,na,na,na,na,na,na,na,na,na,na,na,na,na,na,na,na,na,na,na,na,na,na,na,na,na,na,na
Katong,9620,410,530,550,530,590,520,620,830,960,760,740,650,590,470,280,250,170,190,4630,220,260,270,260,290,240,270,390,460,410,360,330,290,210,140,110,70,60,4990,190,280,270,270,300,280,340,440,500,350,380,330,300,260,140,140,100,130
Marina East (MP),na,na,na,na,na,na,na,na,na,na,na,na,na,na,na,na,na,na,na,na,na,na,na,na,na,na,na,na,na,na,na,na,na,na,na,na,na,na,na,na,na,na,na,na,na,na,na,na,na,na,na,na,na,na,na,na,na
Marine Parade,28910,1310,1610,1530,1480,1460,1490,1630,2230,2670,2280,2120,2000,1700,1720,1230,1180,700,590,13510,660,800,780,720,700,710,730,990,1250,1100,1000,1000,760,750,540,510,300,210,15400,650,800,740,760,760,770,890,1240,1420,1180,1110,1000,950,980,690,670,400,380
Mountbatten,10210,460,560,620,600,640,600,640,810,950,790,830,720,600,570,280,220,160,160,4830,250,260,280,290,300,280,270,350,440,400,410,350,300,290,120,110,70,50,5380,220,300,340,310,340,320,370,450,510,390,410,370,310,280,160,110,90,110
Museum- Total,380,20,20,10,10,20,10,40,60,50,30,40,20,20,10,10,na,10,10,190,10,10,na,10,na,na,20,30,30,10,30,10,10,10,na,na,10,10,190,10,10,10,10,10,10,20,30,20,20,20,10,10,na,na,na,na,na
Bras Basah,10,na,na,na,na,na,na,na,na,na,na,na,na,na,na,na,na,na,na,na,na,na,na,na,na,na,na,na,na,na,na,na,na,na,na,na,na,na,na,na,na,na,na,na,na,na,na,na,na,na,na,na,na,na,na,na,na
Dhoby Ghaut,210,10,10,na,na,10,10,30,40,30,20,30,10,10,10,na,na,na,na,100,na,na,na,na,na,na,10,20,10,10,10,na,10,na,na,na,na,na,110,10,na,na,na,10,10,10,20,10,10,10,10,na,na,na,na,na,na
Fort Canning,160,10,10,10,10,na,na,10,20,30,10,20,10,10,10,na,na,na,na,80,10,10,na,na,na,na,na,10,20,10,10,10,na,10,na,na,na,na,80,na,10,na,10,na,na,10,10,10,10,10,10,na,na,na,na,na,na
Newton- Total,6920,300,470,330,330,340,340,400,580,740,660,610,470,430,360,180,160,120,110,3240,150,260,170,150,120,120,150,230,340,330,300,230,230,190,90,70,60,50,3680,160,210,160,180,220,220,250,340,400,330,310,240,200,180,90,90,60,60
Cairnhill,3330,150,230,150,150,160,180,220,280,360,310,280,210,200,170,90,80,60,50,1560,80,130,80,70,50,70,90,110,160,160,140,110,100,90,40,30,30,20,1770,70,100,80,80,110,110,130,160,200,150,140,110,100,80,50,50,30,30
Goodwood Park,910,50,90,60,40,40,40,50,90,110,90,70,50,40,30,10,10,20,20,420,30,50,20,30,10,10,20,30,60,50,40,30,20,20,10,10,na,10,490,20,40,30,20,30,30,30,50,50,40,30,30,20,20,10,10,10,10
Istana Negara,40,na,na,na,na,na,na,na,na,na,na,na,na,na,na,na,na,na,na,na,na,na,na,na,na,na,na,na,na,na,na,na,na,na,na,na,na,na,na,na,na,na,na,na,na,na,na,na,na,na,na,na,na,na,na,na,na
Monk'S Hill,980,30,70,70,60,50,50,60,70,110,90,90,60,50,50,30,30,20,20,480,10,50,40,30,30,20,20,30,50,50,40,30,30,20,10,10,10,10,510,20,20,20,30,20,30,30,50,60,40,50,30,20,30,20,20,10,10
Newton Circus,230,20,20,10,10,10,10,20,30,20,30,20,10,10,10,na,na,na,na,110,10,10,10,na,na,na,10,10,10,10,10,10,10,na,na,na,na,na,110,10,10,10,10,10,na,10,10,10,10,10,10,na,10,na,na,na,na
Orange Grove,1440,60,70,50,70,70,70,60,120,130,140,150,120,130,110,40,30,20,10,650,30,30,20,20,20,20,20,50,60,60,70,60,70,60,30,20,10,10,780,40,40,20,50,50,50,40,70,70,80,70,70,60,50,10,20,10,10
North-Eastern Islands- Total,60,na,na,na,na,na,na,na,na,na,na,na,na,na,na,na,na,na,na,na,na,na,na,na,na,na,na,na,na,na,na,na,na,na,na,na,na,na,na,na,na,na,na,na,na,na,na,na,na,na,na,na,na,na,na,na,na
North-Eastern Islands,60,na,na,na,na,na,na,na,na,na,na,na,na,na,na,na,na,na,na,na,na,na,na,na,na,na,na,na,na,na,na,na,na,na,na,na,na,na,na,na,na,na,na,na,na,na,na,na,na,na,na,na,na,na,na,na,na
Novena- Total,47990,2260,2770,2510,2540,2570,2640,3030,3980,4510,3910,3710,3360,2860,2460,1590,1380,980,930,23160,1150,1530,1320,1270,1240,1230,1350,1780,2200,1950,1870,1680,1380,1160,740,590,400,320,24830,1120,1240,1190,1270,1330,1410,1680,2200,2310,1960,1850,1680,1490,1300,840,790,580,610
Balestier,32340,1440,1540,1530,1640,1740,1860,2190,2680,2920,2580,2480,2370,1990,1770,1170,1040,710,680,15700,740,810,830,830,880,890,1000,1240,1460,1300,1260,1170,970,830,550,430,280,220,16640,700,730,690,810,870,970,1200,1440,1470,1280,1220,1200,1020,940,610,610,430,450
Dunearn,3900,140,240,260,280,250,190,180,210,320,330,330,280,260,210,140,120,90,80,1790,70,90,110,120,110,90,80,90,150,160,150,150,110,100,70,60,40,30,2110,80,150,150,160,140,100,90,120,180,170,180,130,140,110,70,50,50,50
Malcolm,2630,100,210,170,150,170,130,110,170,230,200,220,210,160,150,90,60,50,60,1190,40,110,70,80,70,50,50,70,110,90,100,100,80,70,40,20,20,20,1440,60,100,100,70,100,80,60,100,130,110,120,100,80,70,50,40,30,40
Moulmein,8470,560,760,520,420,350,410,510,890,1000,740,630,450,410,290,180,150,110,100,4160,290,500,290,220,160,180,200,370,480,370,330,230,190,140,70,70,50,40,4310,270,260,220,200,190,240,310,520,520,370,300,220,220,160,100,80,60,60
Mount Pleasant,650,20,30,40,50,50,50,40,30,30,50,50,60,50,40,20,10,10,20,320,10,20,10,30,30,30,20,20,20,20,30,30,30,20,10,10,10,10,330,10,10,30,30,30,20,20,10,20,30,30,30,20,10,10,10,10,10
Orchard- Total,920,40,60,40,30,30,50,60,70,90,80,70,80,70,70,30,20,10,20,430,10,30,20,10,10,30,30,30,40,40,40,40,40,30,20,10,na,10,500,20,30,20,20,20,30,40,50,50,40,30,40,30,40,10,10,na,10
Boulevard,400,10,20,20,10,10,30,30,30,40,40,30,40,40,30,10,10,10,10,200,10,10,10,na,na,10,10,10,20,20,20,20,20,10,10,10,na,na,210,na,10,10,10,10,10,20,10,20,20,10,20,20,10,10,10,na,na
Somerset,130,na,10,10,10,na,10,10,10,10,10,10,10,10,10,10,na,na,10,60,na,na,na,na,na,10,10,na,na,na,na,10,na,10,na,na,na,na,70,na,na,na,na,na,10,na,na,10,10,10,na,10,10,na,na,na,na
Tanglin,390,20,30,20,20,20,20,20,40,40,40,40,40,20,30,10,10,na,na,170,10,10,10,10,na,10,10,10,20,20,20,20,10,10,na,10,na,na,220,20,20,10,10,10,10,10,30,20,20,20,20,10,20,na,na,na,na
Outram- Total,22080,1290,1080,710,750,830,1160,1680,2140,1730,1470,1590,1650,1590,1470,930,850,550,610,11100,600,530,350,400,400,560,780,1040,930,770,910,910,840,760,470,400,240,210,10980,690,550,350,350,430,610,890,1100,800,710,680,740,750,710,460,450,300,410
China Square,1590,50,30,30,50,70,90,110,100,120,110,140,140,170,150,90,70,40,40,760,30,10,20,30,30,50,50,50,60,50,80,50,80,70,40,30,20,10,830,20,10,10,20,30,40,60,50,60,60,60,90,90,80,50,40,20,30
Chinatown,11880,930,760,390,360,410,530,1050,1560,1060,770,760,710,650,630,390,380,250,290,5720,420,380,190,190,200,240,460,760,570,400,420,360,310,280,190,170,100,90,6150,520,380,200,170,200,290,590,800,480,370,340,350,340,340,200,210,160,200
Pearl'S Hill,8230,300,290,280,330,340,500,480,430,510,580,670,770,730,660,450,390,240,280,4430,160,140,140,170,160,240,260,210,270,310,400,490,430,390,240,200,120,110,3800,140,150,140,160,180,250,230,220,240,270,270,280,300,270,200,190,120,170
People'S Park,390,10,na,10,10,20,40,40,50,40,20,20,30,40,30,10,10,10,10,190,na,na,na,na,10,20,20,20,20,10,10,20,20,10,10,10,na,na,200,10,na,na,na,10,20,20,20,20,10,10,10,20,20,10,10,na,na
Pasir Ris- Total,139890,5760,7100,9020,12330,13410,9100,7980,9090,10360,12960,14080,10480,7040,4470,2340,1900,1350,1140,69150,2960,3660,4640,6320,6900,4610,3870,4160,4940,5770,7250,5450,3720,2210,1040,790,510,330,70740,2800,3440,4380,6000,6510,4480,4110,4920,5420,7190,6830,5020,3330,2250,1300,1100,840,810
Flora Drive,12950,570,690,840,970,1030,750,700,990,1110,1220,1180,950,720,440,260,210,140,210,6350,280,370,450,480,520,390,300,450,520,550,590,490,390,230,120,100,60,50,6610,290,320,400,490,500,360,400,530,590,670,590,460,330,210,140,100,80,160
Loyang East,2190,70,100,120,160,200,150,110,130,150,170,200,220,170,100,60,30,30,30,1070,40,40,50,80,110,80,60,60,60,80,80,110,100,50,30,20,20,10,1120,30,50,70,80,90,70,50,70,90,90,110,120,70,50,30,20,10,20
Loyang West,200,na,na,na,na,na,na,na,na,na,10,na,10,10,10,10,30,40,70,100,na,na,na,na,na,na,na,na,na,na,na,na,10,10,10,20,20,20,110,na,na,na,na,na,na,na,na,na,na,na,na,na,na,na,20,20,50
Pasir Ris Central,25730,1260,1290,1550,2110,2320,1970,1820,1690,1860,2210,2570,1920,1230,790,400,330,230,160,12700,630,670,840,1090,1200,960,910,780,890,990,1290,990,650,380,180,130,90,50,13030,630,620,710,1020,1130,1020,910,920,980,1230,1290,930,580,410,220,200,140,120
Pasir Ris Drive,59480,2190,2860,3680,5290,6330,4110,3120,3500,3970,5210,6170,4860,3250,2110,1040,810,560,430,29520,1130,1480,1900,2720,3280,2140,1550,1650,1910,2260,3160,2500,1680,1050,460,330,200,130,29970,1070,1370,1780,2570,3060,1970,1570,1850,2060,2950,3020,2360,1570,1060,580,480,360,300
Pasir Ris Park,2980,180,210,210,220,190,150,190,340,350,280,270,140,100,50,40,20,10,20,1460,100,90,100,120,90,80,80,150,190,130,160,70,50,20,20,10,na,10,1520,80,110,110,110,100,80,110,190,170,150,110,70,50,30,20,10,10,10
Pasir Ris Wafer Fab Park,20,na,na,na,na,na,na,na,na,na,na,na,na,na,na,na,na,na,na,na,na,na,na,na,na,na,na,na,na,na,na,na,na,na,na,na,na,na,na,na,na,na,na,na,na,na,na,na,na,na,na,na,na,na,na,na,na
Pasir Ris West,36330,1480,1960,2610,3580,3340,1970,2030,2430,2920,3860,3690,2380,1560,970,540,460,330,230,17950,780,1000,1310,1850,1710,970,970,1070,1390,1750,1970,1300,830,470,220,190,120,70,18390,710,960,1300,1730,1640,1000,1070,1360,1530,2100,1720,1080,740,490,320,270,210,150
Paya Lebar- Total,40,na,na,na,na,na,na,na,na,na,na,na,na,na,na,na,na,na,na,na,na,na,na,na,na,na,na,na,na,na,na,na,na,na,na,na,na,na,na,na,na,na,na,na,na,na,na,na,na,na,na,na,na,na,na,na,na
Airport Road,na,na,na,na,na,na,na,na,na,na,na,na,na,na,na,na,na,na,na,na,na,na,na,na,na,na,na,na,na,na,na,na,na,na,na,na,na,na,na,na,na,na,na,na,na,na,na,na,na,na,na,na,na,na,na,na,na
Paya Lebar East,10,na,na,na,na,na,na,na,na,na,na,na,na,na,na,na,na,na,na,na,na,na,na,na,na,na,na,na,na,na,na,na,na,na,na,na,na,na,na,na,na,na,na,na,na,na,na,na,na,na,na,na,na,na,na,na,na
Paya Lebar North,20,na,na,na,na,na,na,na,na,na,na,na,na,na,na,na,na,na,na,na,na,na,na,na,na,na,na,na,na,na,na,na,na,na,na,na,na,na,na,na,na,na,na,na,na,na,na,na,na,na,na,na,na,na,na,na,na
Paya Lebar West,na,na,na,na,na,na,na,na,na,na,na,na,na,na,na,na,na,na,na,na,na,na,na,na,na,na,na,na,na,na,na,na,na,na,na,na,na,na,na,na,na,na,na,na,na,na,na,na,na,na,na,na,na,na,na,na,na
Plab,na,na,na,na,na,na,na,na,na,na,na,na,na,na,na,na,na,na,na,na,na,na,na,na,na,na,na,na,na,na,na,na,na,na,na,na,na,na,na,na,na,na,na,na,na,na,na,na,na,na,na,na,na,na,na,na,na
Pioneer- Total,100,na,na,na,na,na,na,na,na,na,na,na,na,na,na,na,na,na,na,na,na,na,na,na,na,na,na,na,na,na,na,na,na,na,na,na,na,na,na,na,na,na,na,na,na,na,na,na,na,na,na,na,na,na,na,na,na
Benoi Sector,na,na,na,na,na,na,na,na,na,na,na,na,na,na,na,na,na,na,na,na,na,na,na,na,na,na,na,na,na,na,na,na,na,na,na,na,na,na,na,na,na,na,na,na,na,na,na,na,na,na,na,na,na,na,na,na,na
Gul Basin,20,na,na,na,na,na,na,na,na,na,na,na,na,na,na,na,na,na,na,na,na,na,na,na,na,na,na,na,na,na,na,na,na,na,na,na,na,na,na,na,na,na,na,na,na,na,na,na,na,na,na,na,na,na,na,na,na
Gul Circle,30,na,na,na,na,na,na,na,na,na,na,na,na,na,na,na,na,na,na,na,na,na,na,na,na,na,na,na,na,na,na,na,na,na,na,na,na,na,na,na,na,na,na,na,na,na,na,na,na,na,na,na,na,na,na,na,na
Joo Koon,40,na,na,na,na,na,na,na,na,na,na,na,na,na,na,na,na,na,na,na,na,na,na,na,na,na,na,na,na,na,na,na,na,na,na,na,na,na,na,na,na,na,na,na,na,na,na,na,na,na,na,na,na,na,na,na,na
Pioneer Sector,na,na,na,na,na,na,na,na,na,na,na,na,na,na,na,na,na,na,na,na,na,na,na,na,na,na,na,na,na,na,na,na,na,na,na,na,na,na,na,na,na,na,na,na,na,na,na,na,na,na,na,na,na,na,na,na,na
Punggol- Total,109750,12000,9200,6190,4450,3940,6750,15690,13400,10610,6500,5540,4730,3960,3020,1560,1040,660,510,54100,6140,4740,3170,2330,1940,2690,7130,6880,5630,3450,2890,2280,1830,1420,700,460,270,140,55650,5860,4460,3030,2120,2000,4060,8560,6520,4980,3050,2650,2450,2130,1600,860,580,390,380
Coney Island,na,na,na,na,na,na,na,na,na,na,na,na,na,na,na,na,na,na,na,na,na,na,na,na,na,na,na,na,na,na,na,na,na,na,na,na,na,na,na,na,na,na,na,na,na,na,na,na,na,na,na,na,na,na,na,na,na
Matilda,30440,4310,2190,1230,960,920,2290,6060,3690,2300,1430,1260,1070,1060,790,400,230,150,110,14960,2240,1120,640,500,430,790,2840,2040,1260,770,650,500,450,360,190,110,60,20,15480,2070,1080,590,470,490,1500,3220,1650,1040,650,610,580,610,430,210,130,90,80
Northshore,280,10,20,20,30,20,20,10,20,20,30,30,30,20,10,10,10,10,na,150,na,10,10,10,10,10,na,10,10,10,10,20,10,10,na,10,na,na,140,na,na,10,10,10,10,na,10,10,10,10,10,10,10,10,na,na,na
Punggol Canal,na,na,na,na,na,na,na,na,na,na,na,na,na,na,na,na,na,na,na,na,na,na,na,na,na,na,na,na,na,na,na,na,na,na,na,na,na,na,na,na,na,na,na,na,na,na,na,na,na,na,na,na,na,na,na,na,na
Punggol Field,43300,2890,3850,3270,2330,1970,2130,3390,4920,5230,3240,2720,2360,1800,1390,700,520,320,280,21310,1440,1990,1640,1210,990,1020,1480,2290,2670,1700,1410,1180,870,670,300,230,130,80,21990,1450,1860,1630,1120,980,1110,1910,2630,2560,1540,1310,1180,920,720,400,280,190,200
Punggol Town Centre,7390,1200,610,260,170,150,540,1590,1130,540,300,220,200,180,140,80,60,30,20,3600,620,310,120,90,70,180,710,640,290,160,120,80,70,70,40,20,10,10,3790,580,300,140,80,80,360,880,490,240,140,100,120,110,70,40,40,20,10
Waterway East,28340,3600,2530,1410,960,880,1780,4650,3650,2520,1500,1310,1070,910,700,380,230,160,110,14090,1840,1320,760,520,450,700,2100,1900,1400,810,700,500,430,320,170,100,70,30,14260,1760,1220,660,440,440,1080,2550,1750,1120,700,620,560,480,380,210,130,90,80
Queenstown- Total,98050,4450,4510,4360,4750,5290,6150,7110,7650,8050,7610,7500,6730,6150,5900,3950,3700,2420,1780,46230,2310,2280,2200,2380,2550,2840,3360,3520,3980,3630,3780,3200,2850,2570,1630,1550,980,640,51820,2140,2230,2170,2370,2740,3310,3760,4130,4070,3970,3730,3530,3300,3330,2310,2150,1440,1140
Commonwealth,8130,310,310,310,340,380,530,590,560,630,630,670,610,520,490,370,390,290,210,3830,160,160,160,170,190,290,300,250,300,300,360,300,250,200,130,150,100,70,4300,150,150,150,180,180,250,290,310,330,330,310,310,270,290,240,240,190,140
Dover,13200,670,820,730,760,800,800,900,1010,1140,1100,1020,850,720,710,430,390,200,160,6350,340,430,370,400,390,370,410,490,530,530,520,410,340,310,190,190,80,60,6850,330,400,360,360,410,420,490,530,610,570,500,440,380,410,250,190,120,100
Ghim Moh,11900,530,550,530,570,630,730,850,860,910,800,880,750,710,840,620,530,370,240,5590,280,270,260,300,300,320,430,400,450,370,450,350,320,340,260,230,170,80,6320,250,280,270,280,330,410,420,460,450,430,440,400,390,500,360,300,200,160
Holland Drive,14230,510,480,550,580,630,810,890,1130,1290,1110,1050,940,950,1040,790,720,430,320,6510,270,230,280,270,330,400,420,510,630,530,490,430,380,440,310,290,200,120,7710,240,250,270,320,300,420,480,620,660,590,560,510,570,600,480,420,240,200
Kent Ridge,1080,30,50,50,40,60,100,90,70,90,110,90,80,80,60,40,20,10,na,520,20,20,20,20,30,40,50,40,40,50,50,40,30,40,20,10,na,na,560,10,30,30,20,40,60,40,30,50,60,40,40,50,20,20,10,na,na
Margaret Drive,10520,730,580,420,440,450,670,1070,1080,880,730,680,630,580,580,330,320,200,150,4980,380,300,220,220,240,290,510,490,460,350,340,300,250,260,140,120,80,50,5540,350,280,210,230,210,390,560,580,420,380,340,340,330,320,190,200,130,100
Mei Chin,16750,640,750,820,990,1030,1060,1080,1090,1270,1350,1410,1300,1130,870,580,630,420,330,7930,330,380,420,500,490,480,490,490,630,620,700,630,570,410,240,260,160,130,8820,310,370,390,490,540,580,600,610,640,730,710,670,550,460,340,370,260,210
National University Of S'Pore,360,10,10,10,10,170,60,20,10,20,10,20,10,10,na,na,na,na,na,100,10,10,na,na,10,10,10,10,10,10,10,na,na,na,na,na,na,na,260,10,na,na,na,160,50,10,10,10,10,10,na,na,na,na,na,na,na
One North,620,40,50,20,30,20,20,60,70,90,90,50,20,20,20,10,na,na,na,300,20,20,10,10,10,10,20,30,50,50,30,10,10,10,na,na,na,na,320,20,20,10,20,20,20,30,40,40,40,20,10,10,10,na,na,na,na
Pasir Panjang 1,4010,200,200,210,210,260,280,290,380,350,330,330,280,250,200,100,60,50,40,1920,100,90,100,100,130,140,130,170,180,150,170,130,130,100,50,30,20,10,2090,100,110,110,110,130,140,170,210,180,180,160,150,120,100,40,40,30,30
Pasir Panjang 2,3520,170,140,180,220,250,260,240,230,260,280,280,290,330,200,90,50,30,30,1710,90,70,80,110,130,120,120,100,130,140,130,120,180,110,50,20,10,10,1810,90,70,100,120,120,140,120,130,130,140,150,160,150,90,40,30,20,20
Port,140,na,na,na,10,10,10,na,10,10,10,20,20,10,10,na,na,na,na,70,na,na,na,na,10,10,na,10,10,na,10,10,na,10,na,na,na,na,70,na,na,na,na,10,10,na,na,na,10,10,10,10,10,na,na,na,na
Queensway,280,10,10,10,20,20,20,30,20,40,20,20,20,20,20,10,10,na,na,140,na,na,na,10,10,10,10,10,20,20,20,10,10,10,10,na,na,na,140,na,na,na,10,10,10,20,10,20,10,10,10,10,10,na,na,na,na
Singapore Polytechnic,160,20,10,10,10,10,10,10,20,10,10,10,10,10,na,na,na,na,na,80,10,10,10,10,10,na,na,10,10,10,na,na,na,na,na,na,na,na,80,10,na,10,na,10,10,10,10,10,na,10,na,na,na,na,na,na,na
Tanglin Halt,13160,580,550,510,520,570,780,1000,1110,1080,1020,980,930,830,860,580,580,400,280,6200,300,280,260,270,280,350,480,540,550,520,510,450,370,340,240,230,150,90,6960,280,260,250,250,290,430,530,570,520,500,470,480,460,520,350,350,250,190
River Valley- Total,9190,420,520,520,410,470,500,640,870,1050,870,670,620,500,470,260,180,100,130,4260,190,230,240,180,190,220,250,380,500,450,350,310,260,230,120,80,50,50,4930,230,300,280,230,280,290,390,490,550,420,330,310,250,240,140,100,50,80
Institution Hill,3380,210,230,190,130,150,190,280,390,430,310,190,180,170,150,70,50,20,20,1600,110,110,100,60,60,90,110,170,230,170,110,80,80,70,40,20,20,10,1780,100,130,90,80,100,110,170,220,210,150,90,100,90,90,30,30,10,10
Leonie Hill,2450,100,140,150,120,130,130,170,230,310,240,200,170,130,110,60,30,20,20,1120,40,60,60,50,50,60,60,100,140,130,100,90,70,60,20,20,10,10,1320,60,80,100,70,80,70,100,140,170,110,100,80,60,50,30,20,10,10
One Tree Hill,1840,60,70,100,120,110,90,100,110,160,180,160,170,120,100,70,40,30,40,840,20,30,40,50,50,40,40,40,70,90,80,90,60,50,30,20,20,10,1010,40,40,60,60,60,50,60,60,90,100,80,80,50,50,50,20,10,30
Oxley,1380,50,70,70,40,70,90,80,120,130,120,100,90,80,100,60,50,20,40,640,20,30,40,20,30,40,40,60,50,60,50,40,40,50,30,20,10,20,740,30,40,30,20,50,50,40,60,80,60,50,50,50,50,30,30,10,30
Paterson,150,na,10,10,na,10,10,10,20,20,10,20,10,10,na,na,na,na,na,70,na,na,na,na,10,na,10,10,10,10,10,10,na,na,na,na,na,na,80,na,10,na,na,na,na,10,10,10,10,10,na,na,na,na,na,na,na
Rochor- Total,14590,550,570,580,610,690,890,1050,1270,1260,1060,1110,1130,1050,900,620,510,340,400,7410,270,280,270,320,310,450,520,660,680,560,630,610,510,420,300,230,180,240,7180,280,290,310,290,390,440,530,620,580,500,480,520,550,490,320,280,170,160
Bencoolen,1460,70,50,40,60,70,90,100,110,120,130,120,130,110,90,50,50,40,40,700,40,20,20,30,20,40,50,60,60,60,60,80,50,40,20,20,20,20,760,30,30,20,40,50,40,50,50,60,70,60,60,60,50,30,30,30,20
Farrer Park,3130,130,170,140,130,130,180,250,310,290,240,210,210,230,160,110,90,60,110,1630,50,90,70,60,60,90,120,170,170,140,120,110,110,70,50,50,30,80,1500,70,80,70,70,70,100,130,140,120,100,90,110,110,90,60,40,30,30
Kampong Glam,170,10,10,na,na,na,10,10,10,10,10,20,10,10,10,10,10,10,30,120,na,na,na,na,na,10,10,10,10,na,10,10,10,na,10,na,10,30,60,na,na,na,na,na,10,10,na,na,10,10,na,na,na,na,na,na,na
Little India,3850,110,140,160,180,210,230,230,300,320,280,310,330,300,260,190,150,90,90,2030,50,70,80,110,100,120,120,150,180,150,170,180,150,130,90,70,50,60,1820,50,70,80,70,110,110,110,150,140,130,130,140,150,130,100,80,40,30
Mackenzie,110,na,10,10,10,na,na,20,20,20,10,10,na,na,na,na,na,na,na,60,na,10,na,10,na,na,10,10,10,na,na,na,na,na,na,na,na,na,50,na,na,na,na,na,na,10,10,10,10,na,na,na,na,na,na,na,na
Mount Emily,1110,70,60,50,30,30,60,120,170,150,100,70,60,50,40,10,10,10,20,530,30,20,20,10,10,20,50,100,80,50,50,30,30,20,na,10,10,10,580,30,30,40,20,20,40,70,80,80,50,30,30,30,20,10,10,na,10
Rochor Canal,10,na,na,na,na,na,na,na,na,na,na,na,na,na,na,na,na,na,na,na,na,na,na,na,na,na,na,na,na,na,na,na,na,na,na,na,na,na,na,na,na,na,na,na,na,na,na,na,na,na,na,na,na,na,na,na,na
Selegie,270,10,10,10,10,20,20,20,40,20,20,20,20,20,10,10,10,10,10,150,10,na,na,10,10,10,10,20,10,10,10,10,10,10,10,na,10,na,130,10,10,na,na,10,10,10,20,10,10,10,10,10,10,na,na,10,na
Sungei Road,2420,110,90,110,120,130,170,150,170,180,160,180,170,170,180,130,100,70,40,1230,50,40,60,60,60,80,80,90,100,70,110,100,80,80,70,50,40,20,1190,60,50,60,60,70,80,70,80,80,90,80,60,90,100,60,50,30,30
Seletar- Total,270,10,20,20,20,10,10,na,20,40,30,40,20,10,10,na,10,na,na,140,10,10,10,10,na,na,na,10,20,20,20,10,10,na,na,na,na,na,140,na,10,10,10,10,na,na,10,20,20,20,10,10,na,na,na,na,na
Pulau Punggol Barat,na,na,na,na,na,na,na,na,na,na,na,na,na,na,na,na,na,na,na,na,na,na,na,na,na,na,na,na,na,na,na,na,na,na,na,na,na,na,na,na,na,na,na,na,na,na,na,na,na,na,na,na,na,na,na,na,na
Pulau Punggol Timor,na,na,na,na,na,na,na,na,na,na,na,na,na,na,na,na,na,na,na,na,na,na,na,na,na,na,na,na,na,na,na,na,na,na,na,na,na,na,na,na,na,na,na,na,na,na,na,na,na,na,na,na,na,na,na,na,na
Seletar,260,10,20,20,20,10,na,na,20,40,30,30,20,10,10,na,10,na,na,130,10,10,10,10,na,na,na,10,20,20,20,10,10,na,na,na,na,na,130,na,10,10,10,10,na,na,10,20,20,20,10,10,na,na,na,na,na
Seletar Aerospace Park,20,na,na,na,na,na,na,na,na,na,na,na,na,na,na,na,na,na,na,na,na,na,na,na,na,na,na,na,na,na,na,na,na,na,na,na,na,na,na,na,na,na,na,na,na,na,na,na,na,na,na,na,na,na,na,na,na
Sembawang- Total,76530,4460,5400,5370,4820,4490,5120,6380,7200,7650,6110,5670,4890,3440,2210,1280,930,620,490,37910,2270,2760,2780,2500,2300,2520,2930,3400,3720,3150,2930,2470,1760,1070,560,400,240,160,38620,2190,2640,2590,2320,2200,2600,3440,3810,3940,2960,2740,2420,1680,1140,720,530,380,330
Admiralty,14410,1000,1130,1000,780,700,1020,1310,1470,1490,1030,980,820,570,420,280,200,130,90,7120,520,570,510,410,360,440,630,690,760,520,530,430,260,190,130,80,50,40,7280,480,560,480,370,340,580,680,770,730,510,450,390,310,240,150,120,80,50
Sembawang Central,29140,1500,1840,2020,2010,1900,2050,2300,2550,2900,2450,2290,2010,1360,770,450,330,230,200,14340,740,920,1020,1040,970,1080,1030,1180,1360,1260,1160,1010,750,380,180,130,80,60,14800,750,920,1000,960,930,970,1270,1360,1540,1190,1140,1000,610,390,270,200,150,140
Sembawang East,90,na,na,na,na,na,na,na,na,na,na,na,na,na,na,na,na,na,na,na,na,na,na,na,na,na,na,na,na,na,na,na,na,na,na,na,na,na,na,na,na,na,na,na,na,na,na,na,na,na,na,na,na,na,na,na,na
Sembawang North,26860,1700,2100,1940,1570,1460,1710,2470,2750,2720,2080,1870,1670,1210,740,380,260,150,90,13390,870,1080,1040,810,750,820,1130,1330,1340,1110,970,830,590,360,170,110,50,30,13470,830,1020,900,770,710,890,1340,1420,1370,970,900,840,620,380,210,150,100,60
Sembawang Springs,4290,170,240,310,320,290,240,200,320,390,390,350,250,220,190,120,110,90,100,2090,80,130,150,150,150,120,90,140,160,190,190,130,110,100,70,50,40,40,2200,90,110,160,170,140,120,120,180,220,200,160,130,110,90,60,60,40,60
Sembawang Straits,1700,100,90,110,140,130,100,90,110,150,140,160,130,70,80,40,30,20,10,890,60,50,50,80,60,60,50,50,90,70,80,70,40,40,20,20,10,na,820,40,40,60,50,70,50,50,70,60,70,80,60,30,40,30,10,10,10
Senoko North,20,na,na,na,na,na,na,na,na,na,na,na,na,na,na,na,na,na,na,na,na,na,na,na,na,na,na,na,na,na,na,na,na,na,na,na,na,na,na,na,na,na,na,na,na,na,na,na,na,na,na,na,na,na,na,na,na
Senoko South,20,na,na,na,na,na,na,na,na,na,na,na,na,na,na,na,na,na,na,na,na,na,na,na,na,na,na,na,na,na,na,na,na,na,na,na,na,na,na,na,na,na,na,na,na,na,na,na,na,na,na,na,na,na,na,na,na
The Wharves,na,na,na,na,na,na,na,na,na,na,na,na,na,na,na,na,na,na,na,na,na,na,na,na,na,na,na,na,na,na,na,na,na,na,na,na,na,na,na,na,na,na,na,na,na,na,na,na,na,na,na,na,na,na,na,na,na
Sengkang- Total,206680,15340,15180,12630,11840,10870,14330,21130,21090,19230,14700,13630,12640,9270,6430,3350,2410,1450,1160,101790,7880,7700,6500,6100,5450,6460,9710,10270,9790,7680,6890,6290,4610,3090,1570,1020,490,330,104890,7460,7480,6130,5730,5420,7870,11430,10820,9450,7030,6740,6350,4660,3350,1790,1390,970,830
Anchorvale,38040,3000,3170,2550,1800,1620,3000,4020,4060,4220,2460,2120,2030,1540,1100,600,390,200,170,18680,1530,1610,1320,880,800,1290,1940,1850,2200,1370,1060,990,740,530,270,180,70,50,19360,1470,1560,1240,920,820,1700,2070,2210,2020,1090,1060,1040,800,580,320,210,130,120
Compassvale,18510,1930,1710,950,580,570,1170,2500,3000,1700,970,870,760,670,490,290,210,90,60,9040,1000,880,500,300,270,490,1080,1470,950,500,460,350,320,210,140,100,30,20,9470,940,830,450,280,300,680,1410,1540,760,470,410,410,350,280,160,110,50,40
Fernvale,35590,4160,2900,1650,1310,1310,2740,5470,4220,2810,1910,1750,1630,1260,1010,550,400,290,230,17560,2160,1500,850,680,620,1090,2540,2210,1550,1030,900,810,580,460,260,180,90,70,18030,2000,1400,800,630,680,1660,2930,2010,1260,870,850,820,690,550,290,220,200,170
Lorong Halus North,na,na,na,na,na,na,na,na,na,na,na,na,na,na,na,na,na,na,na,na,na,na,na,na,na,na,na,na,na,na,na,na,na,na,na,na,na,na,na,na,na,na,na,na,na,na,na,na,na,na,na,na,na,na,na,na,na
Rivervale,59860,3080,3810,3960,4260,3930,4080,4430,4940,5520,4830,4690,4390,3210,2160,1020,740,460,350,29590,1570,1910,2020,2180,2030,1990,2050,2360,2690,2460,2340,2220,1640,1070,500,300,160,100,30270,1510,1900,1930,2080,1900,2080,2370,2570,2830,2370,2350,2170,1570,1090,520,450,300,250
Sengkang Town Centre,54680,3160,3580,3530,3880,3450,3340,4720,4870,4990,4530,4200,3830,2590,1670,890,670,420,350,26920,1620,1800,1820,2070,1730,1600,2090,2380,2410,2310,2130,1920,1340,820,400,270,130,100,27750,1540,1790,1710,1820,1720,1740,2640,2500,2570,2220,2070,1910,1250,850,500,400,290,250
Sengkang West,10,na,na,na,na,na,na,na,na,na,na,na,na,na,na,na,na,na,na,na,na,na,na,na,na,na,na,na,na,na,na,na,na,na,na,na,na,na,na,na,na,na,na,na,na,na,na,na,na,na,na,na,na,na,na,na,na
Serangoon- Total,120670,4070,5080,6210,7730,9160,9040,7510,7460,8540,8770,10040,10780,9160,6850,3680,2980,1930,1660,58380,2090,2600,3210,4080,4660,4560,3620,3490,3980,4080,4690,5180,4540,3330,1690,1300,790,510,62290,1980,2480,3000,3650,4500,4490,3900,3970,4560,4690,5350,5610,4620,3520,1990,1680,1140,1150
Lorong Chuan,8390,310,430,530,660,680,540,380,450,620,720,790,720,480,370,210,200,150,160,4010,150,230,280,320,340,270,160,200,260,330,380,370,240,180,100,80,70,60,4380,160,200,250,340,340,270,220,250,360,390,410,360,230,190,110,130,80,100
Seletar Hills,13580,530,600,760,990,1100,970,720,750,960,980,1090,1160,980,780,450,360,220,180,6710,310,320,370,530,580,500,340,350,420,450,510,580,510,400,230,170,100,60,6870,230,280,390,470,520,470,380,410,530,530,580,580,470,380,230,190,120,130
Serangoon Central,26480,880,960,1250,1480,1810,2210,1870,1680,1940,1850,2150,2500,2200,1590,780,690,380,290,12660,420,500,670,790,900,1090,920,760,950,850,950,1160,1080,760,340,300,150,90,13820,460,460,580,690,910,1120,950,920,990,1000,1210,1340,1120,840,440,390,230,200
Serangoon Garden,39180,1250,1570,1850,2310,2790,2860,2500,2450,2690,2680,3080,3500,3190,2490,1390,1100,770,710,18750,630,760,960,1190,1390,1450,1220,1170,1260,1270,1450,1650,1550,1180,650,470,320,210,20420,630,800,890,1130,1400,1410,1280,1280,1430,1410,1630,1850,1650,1310,730,640,460,500
Serangoon North,17490,590,900,1100,1390,1550,1190,1090,1160,1300,1490,1630,1440,1110,680,360,250,160,110,8660,320,440,550,770,820,590,510,570,620,680,810,720,560,370,140,110,50,30,8830,270,460,550,620,720,610,580,600,680,810,820,710,550,310,220,140,110,80
Serangoon North Ind Estate,20,na,na,na,na,na,na,na,na,na,na,na,na,na,na,na,na,na,na,na,na,na,na,na,na,na,na,na,na,na,na,na,na,na,na,na,na,na,na,na,na,na,na,na,na,na,na,na,na,na,na,na,na,na,na,na,na
Upper Paya Lebar,15540,510,640,730,900,1230,1270,960,970,1040,1050,1300,1480,1200,930,500,390,250,210,7580,270,360,380,490,630,650,480,450,470,500,600,710,600,430,230,180,100,70,7960,240,280,350,410,610,620,480,520,560,550,700,770,600,500,270,210,150,140
Simpang- Total,na,na,na,na,na,na,na,na,na,na,na,na,na,na,na,na,na,na,na,na,na,na,na,na,na,na,na,na,na,na,na,na,na,na,na,na,na,na,na,na,na,na,na,na,na,na,na,na,na,na,na,na,na,na,na,na,na
Pulau Seletar,na,na,na,na,na,na,na,na,na,na,na,na,na,na,na,na,na,na,na,na,na,na,na,na,na,na,na,na,na,na,na,na,na,na,na,na,na,na,na,na,na,na,na,na,na,na,na,na,na,na,na,na,na,na,na,na,na
Simpang North,na,na,na,na,na,na,na,na,na,na,na,na,na,na,na,na,na,na,na,na,na,na,na,na,na,na,na,na,na,na,na,na,na,na,na,na,na,na,na,na,na,na,na,na,na,na,na,na,na,na,na,na,na,na,na,na,na
Simpang South,na,na,na,na,na,na,na,na,na,na,na,na,na,na,na,na,na,na,na,na,na,na,na,na,na,na,na,na,na,na,na,na,na,na,na,na,na,na,na,na,na,na,na,na,na,na,na,na,na,na,na,na,na,na,na,na,na
Tanjong Irau,na,na,na,na,na,na,na,na,na,na,na,na,na,na,na,na,na,na,na,na,na,na,na,na,na,na,na,na,na,na,na,na,na,na,na,na,na,na,na,na,na,na,na,na,na,na,na,na,na,na,na,na,na,na,na,na,na
Singapore River- Total,2720,200,170,120,90,80,90,280,360,410,270,190,140,100,90,50,40,10,30,1310,80,80,50,40,40,30,110,180,200,140,110,70,50,50,30,20,10,20,1410,120,90,70,50,50,60,170,180,210,120,80,70,50,40,20,20,10,10
Boat Quay,180,10,10,na,na,na,10,20,20,20,10,10,10,10,10,10,10,na,na,100,10,na,na,na,na,na,10,10,10,10,10,na,10,10,10,na,na,na,80,10,na,na,na,na,na,10,10,10,10,10,10,na,na,na,na,na,na
Clarke Quay,130,na,na,na,10,na,10,20,10,20,10,10,10,na,na,na,na,na,10,80,na,na,na,na,na,na,10,10,20,10,10,na,na,na,na,na,na,10,50,na,na,na,na,na,na,10,10,10,10,10,na,na,na,na,na,na,na
Robertson Quay,2420,180,170,120,80,80,80,240,330,370,240,160,130,90,70,40,30,10,20,1130,70,80,50,40,30,30,90,160,170,130,100,60,40,40,20,10,na,10,1290,110,90,70,50,50,50,150,170,200,110,60,60,50,40,20,20,na,10
Southern Islands- Total,1480,90,90,80,90,80,70,60,120,160,200,180,110,70,40,20,10,10,na,720,50,30,40,20,40,30,20,60,70,100,110,70,40,20,10,10,na,na,760,40,50,50,60,50,40,40,60,90,100,70,40,30,20,10,10,na,na
Sentosa,1470,90,90,80,90,80,70,60,120,160,200,180,110,70,40,20,10,10,na,720,50,30,40,20,40,30,20,60,70,100,110,60,40,20,10,10,na,na,760,40,50,50,60,50,40,40,60,90,100,70,40,30,20,10,10,na,na
Southern Group,na,na,na,na,na,na,na,na,na,na,na,na,na,na,na,na,na,na,na,na,na,na,na,na,na,na,na,na,na,na,na,na,na,na,na,na,na,na,na,na,na,na,na,na,na,na,na,na,na,na,na,na,na,na,na,na,na
Straits View- Total,na,na,na,na,na,na,na,na,na,na,na,na,na,na,na,na,na,na,na,na,na,na,na,na,na,na,na,na,na,na,na,na,na,na,na,na,na,na,na,na,na,na,na,na,na,na,na,na,na,na,na,na,na,na,na,na,na
Straits View,na,na,na,na,na,na,na,na,na,na,na,na,na,na,na,na,na,na,na,na,na,na,na,na,na,na,na,na,na,na,na,na,na,na,na,na,na,na,na,na,na,na,na,na,na,na,na,na,na,na,na,na,na,na,na,na,na
Sungei Kadut- Total,850,30,30,40,40,40,50,50,40,60,60,50,70,50,60,40,40,30,50,430,20,20,20,20,20,30,30,20,40,40,20,40,30,30,20,20,10,10,420,10,10,20,30,20,20,20,20,20,30,30,30,20,30,20,20,20,40
Gali Batu,130,na,na,na,na,na,na,na,na,10,na,na,10,10,10,20,10,10,40,50,na,na,na,na,na,na,na,na,na,na,na,10,10,10,10,10,na,na,80,na,na,na,na,na,na,na,na,na,na,na,na,na,10,10,10,10,40
Kranji,20,na,na,na,na,na,na,na,na,na,na,na,na,na,na,na,na,na,na,na,na,na,na,na,na,na,na,na,na,na,na,na,na,na,na,na,na,na,na,na,na,na,na,na,na,na,na,na,na,na,na,na,na,na,na,na,na
Pang Sua,20,na,na,na,na,na,na,na,na,na,na,na,na,na,na,na,na,na,na,na,na,na,na,na,na,na,na,na,na,na,na,na,na,na,na,na,na,na,na,na,na,na,na,na,na,na,na,na,na,na,na,na,na,na,na,na,na
Reservoir View,20,na,na,na,na,na,na,na,na,na,na,na,na,na,na,na,na,na,na,na,na,na,na,na,na,na,na,na,na,na,na,na,na,na,na,na,na,na,na,na,na,na,na,na,na,na,na,na,na,na,na,na,na,na,na,na,na
Turf Club,660,30,20,30,40,40,50,40,40,40,50,50,50,40,50,30,30,20,10,330,20,10,20,20,20,30,20,20,20,30,20,30,20,30,20,20,10,na,330,10,10,20,30,20,20,20,20,20,30,30,30,20,20,10,10,10,10
Tampines- Total,261230,11210,12260,13820,18180,21380,20420,18820,18000,18310,19840,22810,22490,17360,11470,5500,4300,2830,2240,128200,5850,6320,7020,9400,10970,10300,9090,8730,8730,9260,10900,10960,8860,5750,2530,1830,1050,660,133030,5360,5940,6800,8790,10410,10120,9730,9270,9580,10580,11910,11530,8500,5720,2970,2480,1780,1580
Simei,42710,1920,2140,2300,2900,3310,2970,3140,3290,3410,3250,3730,3460,2600,1860,850,710,420,430,20720,980,1080,1140,1500,1680,1490,1400,1600,1640,1510,1750,1700,1330,940,390,320,150,130,21990,930,1060,1160,1410,1640,1480,1740,1700,1780,1750,1980,1760,1270,920,450,390,270,310
Tampines East,138500,5820,6220,7100,9680,11610,10970,10030,9220,9170,10530,12140,12200,9440,6220,3000,2350,1560,1220,67900,3060,3220,3590,4990,5940,5510,4940,4520,4350,4890,5820,5900,4800,3070,1360,960,600,370,70600,2760,3000,3510,4690,5670,5460,5090,4700,4820,5640,6330,6300,4640,3150,1640,1390,960,850
Tampines North,na,na,na,na,na,na,na,na,na,na,na,na,na,na,na,na,na,na,na,na,na,na,na,na,na,na,na,na,na,na,na,na,na,na,na,na,na,na,na,na,na,na,na,na,na,na,na,na,na,na,na,na,na,na,na,na,na
Tampines West,78110,3410,3830,4310,5430,6280,6340,5530,5390,5600,5900,6700,6630,5210,3320,1630,1220,820,580,38610,1780,1990,2220,2820,3270,3230,2690,2560,2680,2800,3220,3250,2660,1700,760,540,290,170,39500,1630,1840,2080,2610,3010,3120,2840,2830,2920,3100,3480,3380,2550,1630,870,690,530,410
Xilin,1920,70,70,110,170,180,130,110,100,130,160,240,200,110,60,30,20,20,10,970,30,40,60,90,90,80,60,50,50,60,120,110,60,40,10,10,10,na,950,40,30,50,80,90,50,60,50,70,90,120,90,50,30,10,20,20,10
Tanglin- Total,19000,930,1290,1110,1010,960,880,1140,1580,1990,1800,1530,1260,1140,940,540,380,250,270,8770,450,580,510,430,440,380,450,670,920,880,770,610,550,460,270,170,120,110,10230,480,720,600,580,530,500,690,910,1070,920,760,660,590,470,270,210,140,160
Chatsworth,5740,310,340,280,270,250,260,460,600,710,570,430,350,300,250,170,100,60,60,2640,140,150,130,120,110,110,180,260,330,280,220,180,140,120,80,50,30,20,3100,170,190,150,160,130,150,270,330,380,280,200,170,160,130,100,50,30,40
Nassim,8340,420,640,560,440,430,360,410,640,860,790,690,560,510,430,210,150,110,130,3820,220,280,250,180,190,160,160,250,390,390,350,260,250,220,110,70,50,50,4510,200,360,310,270,240,200,250,390,470,400,340,300,260,210,100,80,60,80
Ridout,1400,70,70,80,70,80,70,100,110,100,110,130,100,100,90,40,40,30,30,650,30,40,40,30,30,30,40,50,50,40,60,50,40,50,20,10,20,10,760,40,30,40,40,50,40,60,50,50,70,70,50,50,40,10,30,10,20
Tyersall,3520,130,240,190,220,210,200,170,240,320,340,280,260,230,160,120,90,60,50,1660,70,110,90,110,90,80,70,110,160,170,130,120,110,70,60,40,20,20,1860,70,140,90,110,110,110,110,130,170,170,150,140,120,90,60,50,30,30
Tengah- Total,10,na,na,na,na,na,na,na,na,na,na,na,na,na,na,na,na,na,na,na,na,na,na,na,na,na,na,na,na,na,na,na,na,na,na,na,na,na,na,na,na,na,na,na,na,na,na,na,na,na,na,na,na,na,na,na,na
Tengah,10,na,na,na,na,na,na,na,na,na,na,na,na,na,na,na,na,na,na,na,na,na,na,na,na,na,na,na,na,na,na,na,na,na,na,na,na,na,na,na,na,na,na,na,na,na,na,na,na,na,na,na,na,na,na,na,na
Toa Payoh- Total,124940,5040,5650,5740,6470,7330,7620,8440,9040,10140,9440,9730,9910,8290,7410,5040,4500,2810,2350,59840,2610,2940,2960,3280,3690,3640,3890,4260,4850,4600,4800,4920,4000,3340,2210,1910,1120,820,65100,2430,2720,2790,3190,3640,3980,4550,4780,5280,4830,4930,4990,4290,4070,2830,2600,1680,1540
Bidadari,10,na,na,na,na,na,na,na,na,na,na,na,na,na,na,na,na,na,na,na,na,na,na,na,na,na,na,na,na,na,na,na,na,na,na,na,na,na,na,na,na,na,na,na,na,na,na,na,na,na,na,na,na,na,na,na,na
Boon Teck,15110,530,650,730,800,950,900,870,830,1050,1120,1270,1280,1050,940,690,660,430,390,7340,280,330,390,420,480,440,410,380,510,560,620,720,540,430,290,270,160,120,7770,250,320,340,380,480,460,450,450,550,550,640,560,520,510,400,390,270,260
Braddell,10760,390,510,500,590,690,690,690,730,800,840,840,850,740,610,440,390,220,250,5160,210,260,250,290,360,330,350,320,380,390,430,420,360,280,200,160,90,90,5610,180,250,250,300,340,360,340,410,420,450,410,430,380,320,240,230,130,160
Joo Seng,6720,220,350,300,360,400,440,420,480,550,500,540,530,490,410,250,230,150,120,3360,120,200,170,200,200,230,200,230,290,250,270,270,230,190,130,100,60,50,3360,110,160,130,160,200,210,220,250,260,250,270,260,260,220,120,130,100,70
Kim Keat,8610,300,360,330,440,600,650,560,570,660,610,690,790,590,540,330,280,160,140,4180,160,200,170,220,320,310,260,250,320,320,340,400,300,230,140,140,70,50,4430,140,160,160,220,280,340,300,310,340,300,350,400,300,310,190,140,100,100
Lorong 8 Toa Payoh,8220,270,300,340,450,540,490,470,530,630,620,660,680,580,530,400,350,210,170,3970,140,150,170,230,270,260,210,260,280,310,320,350,270,270,180,160,90,50,4250,130,150,170,230,270,240,260,270,350,310,340,340,310,270,210,190,120,120
Pei Chun,11780,410,550,640,630,620,640,690,830,1030,1000,940,950,720,680,510,460,280,220,5670,200,290,310,340,310,300,320,400,480,490,480,500,370,290,210,210,110,70,6120,200,260,330,290,300,330,370,440,560,510,450,450,350,390,300,260,170,150
Potong Pasir,12650,460,470,570,540,720,900,910,910,1080,920,930,1100,1100,900,460,340,220,140,6260,240,270,340,300,380,440,460,430,540,450,480,480,530,420,220,160,90,40,6400,220,200,230,240,340,460,440,480,550,470,450,620,570,490,240,190,130,100
Sennett,4540,130,180,230,270,330,300,260,250,300,280,350,410,330,310,190,150,130,150,2160,60,90,120,140,150,150,110,130,150,140,160,180,160,160,80,70,60,60,2380,60,90,120,130,180,150,140,120,160,140,190,230,170,150,100,80,80,90
Toa Payoh Central,30740,1800,1640,1450,1640,1620,1710,2520,2760,2680,2340,2250,2110,1640,1520,1060,960,610,450,14410,930,790,710,790,780,770,1080,1340,1270,1130,1090,1040,780,650,460,390,240,180,16340,860,850,740,850,850,940,1440,1420,1410,1220,1160,1060,860,870,600,560,370,280
Toa Payoh West,13360,410,480,520,600,710,760,890,950,1110,1000,1100,1030,900,880,680,670,370,320,6140,210,250,260,290,380,360,400,440,520,470,530,470,390,380,290,260,150,110,7220,200,230,250,310,330,400,490,510,590,530,570,550,510,500,390,420,220,210
Woodleigh,2440,130,170,140,140,170,150,180,210,240,210,180,180,150,90,40,20,20,20,1200,70,100,70,70,90,60,90,90,110,110,80,100,80,50,20,10,10,10,1240,60,70,70,70,80,90,100,120,130,100,100,80,70,50,20,10,10,10
Tuas- Total,70,na,na,na,na,na,na,na,na,na,na,na,na,na,na,na,na,na,na,na,na,na,na,na,na,na,na,na,na,na,na,na,na,na,na,na,na,na,na,na,na,na,na,na,na,na,na,na,na,na,na,na,na,na,na,na,na
Tengeh,na,na,na,na,na,na,na,na,na,na,na,na,na,na,na,na,na,na,na,na,na,na,na,na,na,na,na,na,na,na,na,na,na,na,na,na,na,na,na,na,na,na,na,na,na,na,na,na,na,na,na,na,na,na,na,na,na
Tuas Bay,20,na,na,na,na,na,na,na,na,na,na,na,na,na,na,na,na,na,na,na,na,na,na,na,na,na,na,na,na,na,na,na,na,na,na,na,na,na,na,na,na,na,na,na,na,na,na,na,na,na,na,na,na,na,na,na,na
Tuas North,20,na,na,na,na,na,na,na,na,na,na,na,na,na,na,na,na,na,na,na,na,na,na,na,na,na,na,na,na,na,na,na,na,na,na,na,na,na,na,na,na,na,na,na,na,na,na,na,na,na,na,na,na,na,na,na,na
Tuas Promenade,10,na,na,na,na,na,na,na,na,na,na,na,na,na,na,na,na,na,na,na,na,na,na,na,na,na,na,na,na,na,na,na,na,na,na,na,na,na,na,na,na,na,na,na,na,na,na,na,na,na,na,na,na,na,na,na,na
Tuas View,10,na,na,na,na,na,na,na,na,na,na,na,na,na,na,na,na,na,na,na,na,na,na,na,na,na,na,na,na,na,na,na,na,na,na,na,na,na,na,na,na,na,na,na,na,na,na,na,na,na,na,na,na,na,na,na,na
Tuas View Extension,na,na,na,na,na,na,na,na,na,na,na,na,na,na,na,na,na,na,na,na,na,na,na,na,na,na,na,na,na,na,na,na,na,na,na,na,na,na,na,na,na,na,na,na,na,na,na,na,na,na,na,na,na,na,na,na,na
Western Islands- Total,na,na,na,na,na,na,na,na,na,na,na,na,na,na,na,na,na,na,na,na,na,na,na,na,na,na,na,na,na,na,na,na,na,na,na,na,na,na,na,na,na,na,na,na,na,na,na,na,na,na,na,na,na,na,na,na,na
Jurong Island And Bukom,na,na,na,na,na,na,na,na,na,na,na,na,na,na,na,na,na,na,na,na,na,na,na,na,na,na,na,na,na,na,na,na,na,na,na,na,na,na,na,na,na,na,na,na,na,na,na,na,na,na,na,na,na,na,na,na,na
Semakau,na,na,na,na,na,na,na,na,na,na,na,na,na,na,na,na,na,na,na,na,na,na,na,na,na,na,na,na,na,na,na,na,na,na,na,na,na,na,na,na,na,na,na,na,na,na,na,na,na,na,na,na,na,na,na,na,na
Sudong,na,na,na,na,na,na,na,na,na,na,na,na,na,na,na,na,na,na,na,na,na,na,na,na,na,na,na,na,na,na,na,na,na,na,na,na,na,na,na,na,na,na,na,na,na,na,na,na,na,na,na,na,na,na,na,na,na
Western Water Catchment- Total,900,40,50,50,40,130,80,40,90,100,60,60,60,40,10,10,10,10,30,400,30,20,30,20,20,30,20,40,50,30,40,40,20,10,10,na,na,na,500,20,20,30,20,110,50,30,40,50,30,30,20,10,na,10,na,10,30
Western Water Catchment,900,40,50,50,40,130,80,40,90,100,60,60,60,40,10,10,10,10,30,400,30,20,30,20,20,30,20,40,50,30,40,40,20,10,10,na,na,na,500,20,20,30,20,110,50,30,40,50,30,30,20,10,na,10,na,10,30
Woodlands- Total,250290,11960,14430,17000,21030,20050,17920,18460,18680,21110,22230,21060,16810,11640,7630,4060,3090,1890,1250,125900,6200,7400,8780,10830,10320,9000,9060,9000,10010,11110,11060,8800,6110,3760,1870,1380,790,440,124380,5770,7030,8210,10210,9730,8920,9400,9680,11110,11120,10000,8010,5530,3880,2190,1710,1100,810
Greenwood Park,70,na,na,na,na,na,na,na,na,na,na,na,na,na,na,na,na,na,na,na,na,na,na,na,na,na,na,na,na,na,na,na,na,na,na,na,na,na,na,na,na,na,na,na,na,na,na,na,na,na,na,na,na,na,na,na,na
Midview,35510,1560,1840,2550,3520,3290,2570,2400,2240,2670,3520,3190,2280,1520,950,540,400,270,210,17780,810,940,1290,1790,1690,1260,1200,1090,1200,1700,1740,1200,810,470,250,170,110,70,17730,750,900,1260,1730,1600,1310,1190,1150,1480,1830,1450,1080,700,480,300,230,150,130
North Coast,14610,510,580,740,1020,1190,1100,940,960,1020,1180,1340,1200,980,800,430,330,190,110,7450,280,310,390,530,600,560,480,480,500,610,710,640,480,400,210,150,90,40,7160,240,270,360,490,590,540,460,480,520,570,630,560,500,400,220,180,100,70
Senoko West,20,na,na,na,na,na,na,na,na,na,na,na,na,na,na,na,na,na,na,na,na,na,na,na,na,na,na,na,na,na,na,na,na,na,na,na,na,na,na,na,na,na,na,na,na,na,na,na,na,na,na,na,na,na,na,na,na
Woodgrove,35850,1360,1800,2340,3470,3450,2570,2320,2310,2800,3600,3240,2540,1640,1000,540,410,270,200,17960,710,930,1220,1770,1800,1360,1160,1120,1280,1710,1690,1290,860,490,210,170,120,70,17880,640,870,1130,1700,1660,1210,1160,1190,1520,1880,1550,1250,770,510,330,240,150,130
Woodlands East,95510,4930,6210,7040,7900,6860,6730,7400,8010,9200,8400,7780,5890,3840,2360,1160,920,550,360,47840,2480,3170,3630,4130,3520,3290,3610,3760,4370,4320,4100,3120,2020,1130,520,380,200,110,47660,2450,3040,3410,3770,3340,3440,3790,4260,4820,4080,3680,2770,1820,1230,630,540,350,250
Woodlands Regional Centre,na,na,na,na,na,na,na,na,na,na,na,na,na,na,na,na,na,na,na,na,na,na,na,na,na,na,na,na,na,na,na,na,na,na,na,na,na,na,na,na,na,na,na,na,na,na,na,na,na,na,na,na,na,na,na,na,na
Woodlands South,35840,2230,2550,2630,2780,2310,2490,3070,3190,3200,2860,2540,2120,1600,1070,530,350,220,140,17970,1180,1300,1380,1400,1200,1210,1420,1560,1560,1480,1300,1070,830,510,250,180,80,50,17860,1050,1250,1250,1370,1110,1280,1650,1630,1640,1370,1240,1040,760,560,270,170,140,90
Woodlands West,32890,1370,1450,1690,2350,2950,2450,2320,1950,2220,2670,2960,2790,2070,1470,860,690,400,240,16850,740,750,880,1210,1510,1320,1180,990,1100,1280,1520,1480,1100,760,420,340,180,100,16040,630,700,810,1140,1440,1130,1150,960,1120,1390,1440,1310,970,710,440,350,220,140
Yishun- Total,201970,10230,9950,10440,12190,14650,17010,17040,15420,15110,14950,17360,15950,12310,8340,4430,3190,1940,1480,99990,5250,5060,5410,6270,7380,8350,8350,7540,7480,7350,8580,7860,6250,4080,2110,1440,770,470,101980,4990,4890,5030,5920,7260,8660,8690,7880,7630,7600,8780,8090,6060,4260,2320,1740,1160,1010
Khatib,10850,340,440,490,640,920,900,780,720,770,810,1060,1030,770,540,280,170,120,80,5300,170,220,250,330,450,450,400,340,380,370,490,520,380,280,130,70,60,30,5550,170,220,240,310,470,460,380,380,390,440,570,510,390,270,150,100,60,50
Lower Seletar,2870,290,210,210,180,140,300,340,230,260,240,190,110,60,50,30,20,10,10,1410,140,110,110,90,50,140,170,110,120,130,90,70,40,20,10,10,na,na,1450,150,100,90,90,90,160,170,130,140,110,90,50,30,30,10,20,na,na
Nee Soon,900,50,40,50,50,50,60,40,70,80,80,80,60,50,50,40,20,20,10,440,30,20,30,20,20,30,20,20,40,40,40,20,30,30,20,10,10,10,470,20,20,30,30,30,30,20,50,40,40,40,40,20,20,20,10,10,10
Northland,30380,1110,1460,1630,1970,2380,2490,2220,2270,2270,2340,2800,2690,1910,1270,640,460,260,220,15130,560,770,870,1010,1210,1260,1090,1100,1130,1170,1350,1360,960,630,280,210,90,70,15260,540,690,760,960,1170,1220,1130,1170,1140,1170,1450,1330,950,640,360,250,170,150
Springleaf,3880,140,170,220,260,350,290,190,250,250,250,310,330,300,250,130,90,40,50,1930,70,90,120,140,180,170,100,110,110,110,140,170,150,130,70,40,20,20,1940,70,90,100,120,180,120,90,130,140,140,170,160,150,120,70,40,30,30
Yishun Central,1490,50,70,50,110,150,120,120,80,70,110,150,140,120,70,40,20,10,10,740,30,30,30,50,80,60,60,50,40,40,80,70,60,40,30,na,10,na,750,20,40,30,50,70,60,50,40,40,70,70,70,60,30,20,20,10,10
Yishun East,54880,4580,3210,2850,3110,3600,5010,6470,4800,3890,3660,4060,3340,2570,1720,820,590,360,230,27190,2370,1580,1450,1610,1810,2230,3160,2480,2000,1770,2090,1670,1310,800,410,260,140,60,27690,2210,1640,1400,1500,1790,2790,3310,2320,1900,1880,1970,1670,1260,920,410,320,230,160
Yishun South,38840,1430,1770,1980,2350,3120,3290,2700,2750,2940,2790,3600,3310,2630,1800,930,670,430,360,19050,720,910,1010,1220,1570,1700,1310,1320,1410,1300,1740,1570,1330,900,440,310,170,120,19790,710,850,970,1130,1540,1590,1380,1430,1540,1490,1860,1740,1300,900,490,360,270,240
Yishun West,57890,2240,2590,2960,3520,3930,4550,4200,4250,4570,4690,5110,4940,3900,2590,1520,1140,680,520,28790,1160,1340,1530,1800,2010,2320,2040,2020,2260,2420,2560,2420,1990,1260,720,530,280,150,29090,1080,1250,1430,1720,1920,2230,2160,2240,2300,2260,2560,2520,1910,1330,800,620,390,360
