,Unnamed: 0.1,Unnamed: 0,index,Latitude_x,Longitude_x,index_x,join_key,MRT Name,Latitude_y,Longitude_y,index_y,euclidean_distance,coordinate_pair,distance,duration
0,0,0,85,1.4324773882709496,103.7913216676051,0,A,WOODLANDS MRT STATION,1.43605761708128,103.787938777173,86,0.5476258845924774,"[[103.7913216676051, 1.4324773882709496], [103.787938777173, 1.43605761708128]]",1459.0,370.0
1,1,1,245,1.349428009750324,103.87584367374164,1,A,SERANGOON MRT STATION,1.35063361526525,103.872771660431,32,0.3668676363455308,"[[103.87584367374164, 1.349428009750324], [103.872771660431, 1.35063361526525]]",550.6,174.8
2,2,2,474,1.3626193754768163,103.74593959900368,2,A,BUKIT GOMBAK MRT STATION,1.35861159094192,103.751790910733,47,0.7884722533064998,"[[103.74593959900368, 1.3626193754768163], [103.751790910733, 1.35861159094192]]",1618.0,463.5
3,3,3,661,1.3480371710809351,103.9456495181096,3,A,TAMPINES WEST MRT STATION,1.3456336579777,103.938492495285,19,0.8392937679371016,"[[103.9456495181096, 1.3480371710809351], [103.938492495285, 1.3456336579777]]",1038.7,240.9
4,4,4,992,1.2943824558480614,103.81046267406816,4,A,QUEENSTOWN MRT STATION,1.29455085184931,103.806077155982,137,0.487882370377838,"[[103.81046267406816, 1.2943824558480614], [103.806077155982, 1.29455085184931]]",690.5,176.7
5,5,5,1098,1.4021416943464815,103.89272023174956,5,A,SOO TECK LRT STATION,1.40532331860455,103.897290522033,29,0.6190846938287191,"[[103.89272023174956, 1.4021416943464815], [103.897290522033, 1.40532331860455]]",942.4,243.8
6,6,6,1301,1.420390256668904,103.84115735254449,6,A,KHATIB MRT STATION,1.41738337009565,103.832979908243,17,0.9685516047052488,"[[103.84115735254449, 1.420390256668904], [103.832979908243, 1.41738337009565]]",1419.7,451.0
7,7,7,1639,1.3519580162695448,103.703863368823,7,A,BOON LAY MRT STATION,1.33861033900695,103.706084900902,142,1.5045991453147602,"[[103.703863368823, 1.3519580162695448], [103.706084900902, 1.33861033900695]]",2332.7,652.6
8,8,8,1802,1.3365152581552813,103.85257763525732,8,A,TOA PAYOH MRT STATION,1.33259672794159,103.847577286075,91,0.7062830762102973,"[[103.85257763525732, 1.3365152581552813], [103.847577286075, 1.33259672794159]]",1398.9,360.4
9,9,9,1935,1.3171248251194296,103.87774943658016,9,A,ALJUNIED MRT STATION,1.3164326118157,103.882906044385,9,0.5783816824710193,"[[103.87774943658017, 1.3171248251194296], [103.882906044385, 1.3164326118157]]",1322.3,312.4
10,10,10,2181,1.3108222206834323,103.76079382526086,10,A,CLEMENTI MRT STATION,1.31511625277378,103.765191452888,42,0.6833530932196622,"[[103.76079382526086, 1.3108222206834323], [103.765191452888, 1.31511625277378]]",2221.3,450.4
11,11,11,2375,1.361745454987451,103.95284147050111,11,A,TAMPINES EAST MRT STATION,1.35619148271544,103.9546344625,21,0.6489404900454634,"[[103.95284147050111, 1.361745454987451], [103.9546344625, 1.35619148271544]]",1078.6,248.2
12,12,12,2621,1.3662038012058704,103.8486010062186,12,A,ANG MO KIO MRT STATION,1.36942855699191,103.849455226442,54,0.3709367803618429,"[[103.8486010062186, 1.3662038012058704], [103.849455226442, 1.36942855699191]]",879.1,266.7
13,13,13,2850,1.3860395324405113,103.76018649582376,13,A,SENJA LRT STATION,1.38272547134453,103.76234425472,69,0.4396941376244178,"[[103.76018649582376, 1.3860395324405113], [103.76234425472, 1.38272547134453]]",915.7,305.2
14,14,14,3127,1.3871543749976811,103.90472237219862,14,A,BAKAU LRT STATION,1.38799431054768,103.905415300171,132,0.1210625974744838,"[[103.90472237219862, 1.3871543749976811], [103.905415300171, 1.38799431054768]]",367.5,98.8
15,15,15,3385,1.3337226968701588,103.91459957502391,15,A,BEDOK NORTH MRT STATION,1.33474211664091,103.91797832995,176,0.392330811475193,"[[103.91459957502391, 1.3337226968701588], [103.91797832995, 1.33474211664091]]",788.5,288.4
16,16,16,3524,1.4518009084572183,103.8196321925288,16,A,SEMBAWANG MRT STATION,1.44905082158502,103.820046140211,101,0.3092382829094565,"[[103.81963219252881, 1.4518009084572183], [103.820046140211, 1.44905082158502]]",502.2,119.7
17,17,17,3784,1.273025222215572,103.82389154448728,17,A,HARBOURFRONT MRT STATION,1.26538938374901,103.821530157095,147,0.8887211901885286,"[[103.82389154448728, 1.273025222215572], [103.821530157095, 1.26538938374901]]",1422.6,379.6
18,18,18,3996,1.3824019198044433,103.74175241364358,18,A,CHOA CHU KANG LRT STATION,1.38475541089131,103.74453769781,145,0.4053997649711832,"[[103.74175241364358, 1.3824019198044433], [103.74453769781, 1.38475541089131]]",599.6,193.4
19,19,19,4073,1.3758127822588984,103.88277936840002,19,A,HOUGANG MRT STATION,1.37129226620797,103.892380513029,7,1.17973612529026,"[[103.88277936840002, 1.3758127822588984], [103.892380513029, 1.37129226620797]]",1916.1,403.2
20,20,20,4328,1.3492579183060975,103.73067562265308,20,A,CHINESE GARDEN MRT STATION,1.34224494823931,103.732766601621,49,0.8137123674959106,"[[103.73067562265308, 1.3492579183060975], [103.732766601621, 1.34224494823931]]",1107.0,229.6
21,21,21,4530,1.312928634749774,103.85367021648912,21,A,FARRER PARK MRT STATION,1.31314029963164,103.854754721344,37,0.1228356832116722,"[[103.85367021648912, 1.312928634749774], [103.854754721344, 1.31314029963164]]",233.0,53.7
22,22,22,4812,1.3451758746856304,103.69332980757288,22,A,PIONEER MRT STATION,1.33758701106708,103.697321608474,105,0.9534055150700544,"[[103.69332980757287, 1.3451758746856304], [103.697321608474, 1.33758701106708]]",1340.8,349.6
23,23,23,4933,1.376999330122905,103.94157129192764,23,A,PASIR RIS MRT STATION,1.37300805046319,103.949265083922,11,0.96355818401976,"[[103.94157129192764, 1.376999330122905], [103.949265083922, 1.37300805046319]]",1375.8,321.3
24,24,24,5228,1.3958822676347806,103.87872013506778,24,A,THANGGAM LRT STATION,1.39731815581938,103.875635154729,93,0.3782789476092477,"[[103.87872013506778, 1.3958822676347806], [103.875635154729, 1.39731815581938]]",603.4,120.7
25,25,25,5485,1.4044127878154389,103.90767593702245,25,A,DAMAI LRT STATION,1.40523483636957,103.908603542566,136,0.1377964344553864,"[[103.90767593702245, 1.4044127878154387], [103.908603542566, 1.40523483636957]]",307.0,127.6
26,26,26,5740,1.3289725854321912,103.93537427563926,26,A,BEDOK RESERVOIR MRT STATION,1.33660782955099,103.932234623286,177,0.917941138156376,"[[103.93537427563926, 1.3289725854321912], [103.932234623286, 1.33660782955099]]",1244.8,340.3
27,27,27,5952,1.3403476951181017,103.74495034275768,27,A,JURONG EAST MRT STATION,1.33315261987295,103.742286544006,175,0.8530982448612429,"[[103.74495034275768, 1.3403476951181015], [103.742286544006, 1.33315261987295]]",1535.1,414.2
28,28,28,6125,1.3061011997379577,103.79978237134024,28,A,COMMONWEALTH MRT STATION,1.30250199924325,103.798228523336,134,0.4358988176352336,"[[103.79978237134024, 1.3061011997379577], [103.798228523336, 1.30250199924325]]",895.8,192.0
29,29,29,6221,1.4292367250306883,103.77408592349828,29,A,MARSILING MRT STATION,1.43252114855026,103.774074641403,15,0.3652133856217079,"[[103.77408592349828, 1.4292367250306883], [103.774074641403, 1.43252114855026]]",530.1,141.2
30,30,30,6421,1.3135906442596297,103.89636720879246,30,A,PAYA LEBAR MRT STATION,1.31719911972353,103.8923648823,1,0.5991257674379886,"[[103.89636720879246, 1.3135906442596297], [103.8923648823, 1.31719911972353]]",1013.2,322.9
31,31,31,6715,1.3968814538039696,103.74663950198192,31,A,YEW TEE MRT STATION,1.39729771118639,103.74735767326,82,0.0922806416396374,"[[103.74663950198192, 1.3968814538039696], [103.74735767326, 1.39729771118639]]",217.5,97.5
32,32,32,6860,1.440681641599151,103.79773334236516,32,A,ADMIRALTY MRT STATION,1.44058856161847,103.800990519771,12,0.3622150232039234,"[[103.79773334236516, 1.440681641599151], [103.800990519771, 1.44058856161847]]",713.3,173.6
33,33,33,7159,1.3287249832086492,103.72249327909466,33,A,LAKESIDE MRT STATION,1.34425911493819,103.720949087456,98,1.7358253870518068,"[[103.72249327909466, 1.3287249832086492], [103.720949087456, 1.34425911493819]]",2574.6,659.4
34,34,34,7295,1.3559005167995315,103.93737476409096,34,A,TAMPINES WEST MRT STATION,1.3456336579777,103.938492495285,19,1.1483643268693935,"[[103.93737476409096, 1.3559005167995315], [103.938492495285, 1.3456336579777]]",1421.6,386.4
35,35,35,7581,1.283249842538977,103.82571417986028,35,A,TIONG BAHRU MRT STATION,1.28610253588403,103.827445112691,92,0.3710060305505073,"[[103.82571417986028, 1.283249842538977], [103.827445112691, 1.28610253588403]]",617.0,165.8
36,36,36,7717,1.3045215983768328,103.91456498442368,36,A,KEMBANGAN MRT STATION,1.3210381335934,103.912947930851,13,1.8453314018668188,"[[103.91456498442368, 1.3045215983768328], [103.912947930851, 1.3210381335934]]",2533.6,546.7
37,37,37,7925,1.3757582509028432,103.89486799426156,37,A,HOUGANG MRT STATION,1.37129226620797,103.892380513029,7,0.5683902129540215,"[[103.89486799426156, 1.3757582509028432], [103.892380513029, 1.37129226620797]]",1220.6,382.2
38,38,38,8214,1.4334656524684517,103.8301430011276,38,A,YISHUN MRT STATION,1.42944308477331,103.835005047246,83,0.7015491493051413,"[[103.8301430011276, 1.4334656524684517], [103.835005047246, 1.42944308477331]]",1878.3,819.5
39,39,39,8376,1.3469887154108573,103.95390900850254,39,A,SIMEI MRT STATION,1.34319707851829,103.953377214378,31,0.4257351491749014,"[[103.95390900850254, 1.3469887154108573], [103.953377214378, 1.34319707851829]]",608.6,208.2
40,40,40,8684,1.3569266513530682,103.84735019364278,40,A,BISHAN MRT STATION,1.35131580146658,103.84914026532,125,0.6548635768799232,"[[103.84735019364278, 1.3569266513530682], [103.84914026532, 1.35131580146658]]",1088.9,285.7
41,41,41,8830,1.381709788057038,103.7705887041727,41,A,BANGKIT LRT STATION,1.38002223010088,103.772647370452,57,0.2959435271203942,"[[103.7705887041727, 1.381709788057038], [103.772647370452, 1.38002223010088]]",583.2,154.4
42,42,42,8999,1.3725514256581888,103.9569854671732,42,A,PASIR RIS MRT STATION,1.37300805046319,103.949265083922,11,0.8597217085369661,"[[103.9569854671732, 1.3725514256581888], [103.949265083922, 1.37300805046319]]",1570.8,398.2
43,43,43,9415,1.369073774162889,103.83737359314524,43,A,MAYFLOWER MRT STATION,1.37146318831015,103.836567766945,214,0.2803851127827679,"[[103.83737359314524, 1.3690737741628887], [103.836567766945, 1.37146318831015]]",345.2,93.8
44,44,44,9488,1.322619880370448,103.86129903653968,44,A,BOON KENG MRT STATION,1.31993957653291,103.862052698446,73,0.30958818152607,"[[103.86129903653968, 1.3226198803704479], [103.862052698446, 1.31993957653291]]",667.0,306.0
45,45,45,9719,1.3275510825784262,103.90183478438554,45,A,UBI MRT STATION,1.32997425973974,103.899226655439,90,0.3958049955803231,"[[103.90183478438554, 1.3275510825784262], [103.899226655439, 1.32997425973974]]",850.9,175.9
46,46,46,9886,1.348189034486812,103.7513324699828,46,A,BUKIT BATOK MRT STATION,1.34903331201636,103.749566478309,43,0.2176071819238918,"[[103.7513324699828, 1.348189034486812], [103.749566478309, 1.34903331201636]]",361.6,217.0
47,47,47,10155,1.351840999086742,103.71864380857032,47,A,LAKESIDE MRT STATION,1.34425911493819,103.720949087456,98,0.8811546297162378,"[[103.71864380857033, 1.351840999086742], [103.720949087456, 1.34425911493819]]",1545.5,411.9
48,48,48,10446,1.3215987687663329,103.739603107817,48,A,JURONG EAST MRT STATION,1.33315261987295,103.742286544006,175,1.3189070245700834,"[[103.739603107817, 1.3215987687663329], [103.742286544006, 1.33315261987295]]",2885.4,723.3
49,49,49,10631,1.3929355444866551,103.89280301499218,49,A,SENGKANG LRT STATION,1.39160936379906,103.895442583336,146,0.3283916404926338,"[[103.89280301499218, 1.3929355444866551], [103.895442583336, 1.39160936379906]]",603.4,152.7
50,50,50,10841,1.3375863284393408,103.7019233109752,50,A,BOON LAY MRT STATION,1.33861033900695,103.706084900902,142,0.4764282077649607,"[[103.7019233109752, 1.3375863284393408], [103.706084900902, 1.33861033900695]]",657.6,219.7
51,51,51,11026,1.2855382001095763,103.84177430019191,51,A,CHINATOWN MRT STATION,1.28422391919085,103.845143798953,113,0.4020761116901114,"[[103.84177430019191, 1.2855382001095763], [103.845143798953, 1.28422391919085]]",947.8,289.0
52,52,52,11166,1.283666961910063,103.8170127356597,52,A,REDHILL MRT STATION,1.28963453412887,103.81674097205,39,0.6642511336876107,"[[103.8170127356597, 1.283666961910063], [103.81674097205, 1.28963453412887]]",1455.8,348.4
53,53,53,11547,1.2742046059839796,103.810983773026,53,A,TELOK BLANGAH MRT STATION,1.27070647772509,103.809761611219,206,0.4120195062498374,"[[103.810983773026, 1.2742046059839796], [103.809761611219, 1.27070647772509]]",768.3,285.0
54,54,54,11566,1.3975614519124175,103.90672415709751,54,A,COVE LRT STATION,1.39928198837342,103.905961941214,10,0.2092377938484996,"[[103.90672415709751, 1.3975614519124175], [103.905961941214, 1.39928198837342]]",500.7,100.1
55,55,55,11777,1.3643491861018473,103.89148275702132,55,A,HOUGANG MRT STATION,1.37129226620797,103.892380513029,7,0.7784587420184786,"[[103.89148275702132, 1.3643491861018473], [103.892380513029, 1.37129226620797]]",1409.8,329.7
56,56,56,12025,1.3209578915311426,103.76958129000876,56,A,CLEMENTI MRT STATION,1.31511625277378,103.765191452888,42,0.8124478244142874,"[[103.76958129000876, 1.3209578915311426], [103.765191452888, 1.31511625277378]]",1856.7,405.5
57,57,57,12296,1.4176575961825648,103.90280758613748,57,A,SAMUDERA LRT STATION,1.41590172160383,103.902156317163,99,0.2082342115587952,"[[103.90280758613748, 1.4176575961825648], [103.902156317163, 1.41590172160383]]",655.3,193.4
58,58,58,12582,1.329532328394165,103.88689926933428,58,A,MACPHERSON MRT STATION,1.32615024457361,103.889298600376,171,0.4610526916473,"[[103.88689926933428, 1.3295323283941647], [103.889298600376, 1.32615024457361]]",675.4,135.1
59,59,59,12708,1.4271940529260363,103.85158594775211,59,A,YISHUN MRT STATION,1.42944308477331,103.835005047246,83,1.860027535489018,"[[103.85158594775211, 1.4271940529260363], [103.835005047246, 1.42944308477331]]",3126.9,842.2
60,60,60,12857,1.4159659620025002,103.83414554338896,60,A,KHATIB MRT STATION,1.41738337009565,103.832979908243,17,0.2040334646720907,"[[103.83414554338896, 1.4159659620025002], [103.832979908243, 1.41738337009565]]",402.5,276.8
61,61,61,13136,1.436643254262956,103.83779202669284,61,A,YISHUN MRT STATION,1.42944308477331,103.835005047246,83,0.8584711914217367,"[[103.83779202669284, 1.436643254262956], [103.835005047246, 1.42944308477331]]",1753.6,559.8
62,62,62,13420,1.3583035916342328,103.88606619683274,62,A,KOVAN MRT STATION,1.36017917065237,103.885064856353,153,0.2364014395265394,"[[103.88606619683274, 1.3583035916342328], [103.885064856353, 1.36017917065237]]",841.2,186.5
63,63,63,13657,1.331158877705397,103.92511734443046,63,A,BEDOK NORTH MRT STATION,1.33474211664091,103.91797832995,176,0.8880121094542602,"[[103.92511734443046, 1.331158877705397], [103.91797832995, 1.33474211664091]]",1940.4,414.9
64,64,64,13736,1.394629448134859,103.91310356960057,64,A,CORAL EDGE LRT STATION,1.39390922863313,103.912580845515,41,0.0989444189939201,"[[103.91310356960057, 1.3946294481348587], [103.912580845515, 1.39390922863313]]",438.7,100.4
65,65,65,13949,1.3889995410271168,103.98795002672024,65,A,CHANGI AIRPORT MRT STATION,1.35747897447692,103.98788356959,40,3.5049348709807493,"[[103.98795002672024, 1.3889995410271168], [103.98788356959, 1.35747897447692]]",,
66,66,66,14248,1.3481371699232108,103.85006389464333,66,A,BISHAN MRT STATION,1.35131580146658,103.84914026532,125,0.3680588401271115,"[[103.85006389464333, 1.3481371699232108], [103.84914026532, 1.35131580146658]]",494.1,107.3
67,67,67,14422,1.3351261502425211,103.87209203229304,67,A,WOODLEIGH MRT STATION,1.33919004519388,103.87081830915,85,0.47354849289212,"[[103.87209203229305, 1.3351261502425211], [103.87081830915, 1.33919004519388]]",1014.6,261.6
68,68,68,14651,1.3875054447710005,103.89694162515364,68,A,RANGGUNG LRT STATION,1.38423355918277,103.897194667804,100,0.3649028599685598,"[[103.89694162515364, 1.3875054447710005], [103.897194667804, 1.38423355918277]]",467.6,100.6
69,69,69,14807,1.311720531078266,103.76928038036944,69,A,CLEMENTI MRT STATION,1.31511625277378,103.765191452888,42,0.5909199037740878,"[[103.76928038036944, 1.311720531078266], [103.765191452888, 1.31511625277378]]",639.0,127.8
70,70,70,15088,1.3057662989339631,103.7833262606836,70,A,BUONA VISTA MRT STATION,1.3072237082044,103.790253514502,109,0.7869422967127555,"[[103.7833262606836, 1.3057662989339631], [103.790253514502, 1.3072237082044]]",1694.7,407.9
71,71,71,15346,1.3682677771117435,103.87261119290233,71,A,KOVAN MRT STATION,1.36017917065237,103.885064856353,153,1.6509034689262685,"[[103.87261119290233, 1.3682677771117435], [103.885064856353, 1.36017917065237]]",2408.8,572.3
72,72,72,15550,1.3771997075669322,103.748851402442,72,A,KEAT HONG LRT STATION,1.3786032506373,103.749055668925,143,0.1577100744854453,"[[103.74885140244201, 1.3771997075669322], [103.749055668925, 1.3786032506373]]",502.5,204.6
73,73,73,15749,1.3893162106689907,103.8741652100297,73,A,FERNVALE LRT STATION,1.39188589234766,103.87630862552,128,0.3720428069085282,"[[103.8741652100297, 1.3893162106689907], [103.87630862552, 1.39188589234766]]",588.2,202.6
74,74,74,15851,1.4312364378004545,103.77995549763844,74,A,MARSILING MRT STATION,1.43252114855026,103.774074641403,15,0.6691436529745255,"[[103.77995549763844, 1.4312364378004543], [103.774074641403, 1.43252114855026]]",788.7,245.9
75,75,75,16071,1.354335696061895,103.96033447016262,75,A,TAMPINES EAST MRT STATION,1.35619148271544,103.9546344625,21,0.6663894099999226,"[[103.96033447016262, 1.354335696061895], [103.9546344625, 1.35619148271544]]",1022.4,229.2
76,76,76,16279,1.4444321332667944,103.77276908813832,76,A,MARSILING MRT STATION,1.43252114855026,103.774074641403,15,1.332368365649844,"[[103.77276908813832, 1.4444321332667944], [103.774074641403, 1.43252114855026]]",2121.6,438.8
77,77,77,16524,1.3569337613764818,103.74014740478052,77,A,BUKIT GOMBAK MRT STATION,1.35861159094192,103.751790910733,47,1.3077120160276197,"[[103.74014740478052, 1.3569337613764818], [103.751790910733, 1.35861159094192]]",1710.8,401.1
78,78,78,16782,1.3322993070082307,103.84965522660332,78,A,TOA PAYOH MRT STATION,1.33259672794159,103.847577286075,91,0.2333494163287056,"[[103.84965522660332, 1.3322993070082307], [103.847577286075, 1.33259672794159]]",366.3,209.7
79,79,79,16989,1.37980801926143,103.84150197259844,79,A,YIO CHU KANG MRT STATION,1.38149882492597,103.845170704861,84,0.4490761847023721,"[[103.84150197259844, 1.37980801926143], [103.845170704861, 1.38149882492597]]",860.3,237.4
80,80,80,17189,1.3019409521652276,103.88362078428372,80,A,MOUNTBATTEN MRT STATION,1.30620190525331,103.882528081052,70,0.4891199675283194,"[[103.88362078428372, 1.3019409521652276], [103.882528081052, 1.30620190525331]]",776.3,216.7
81,81,81,17419,1.441772483199321,103.79032077692509,81,A,WOODLANDS MRT STATION,1.43605761708128,103.787938777173,86,0.6884217888843921,"[[103.79032077692509, 1.441772483199321], [103.787938777173, 1.43605761708128]]",1167.9,331.3
82,82,82,17757,1.3192285155957597,103.94557010130274,82,A,TANAH MERAH MRT STATION,1.32731098211445,103.946451703007,210,0.9040569608517312,"[[103.94557010130274, 1.3192285155957597], [103.946451703007, 1.32731098211445]]",1307.2,325.6
83,83,83,17773,1.3819207343422384,103.94369230175448,83,A,PASIR RIS MRT STATION,1.37300805046319,103.949265083922,11,1.1687316179270664,"[[103.94369230175448, 1.3819207343422384], [103.949265083922, 1.37300805046319]]",1830.5,430.5
84,84,84,18053,1.3387079613008284,103.77362882572064,84,A,BEAUTY WORLD MRT STATION,1.34090149001429,103.775746717778,78,0.3390001740917303,"[[103.77362882572064, 1.3387079613008284], [103.775746717778, 1.34090149001429]]",521.5,152.1
85,85,85,18291,1.4011713380623023,103.90169484277304,85,A,PUNGGOL LRT STATION,1.40519470149606,103.902411911915,102,0.454423248709522,"[[103.90169484277304, 1.4011713380623023], [103.902411911915, 1.40519470149606]]",659.5,161.3
86,86,86,18545,1.3433715679969556,103.7061269124601,86,A,BOON LAY MRT STATION,1.33861033900695,103.706084900902,142,0.5294451063794858,"[[103.7061269124601, 1.3433715679969556], [103.706084900902, 1.33861033900695]]",1170.9,325.6
87,87,87,18645,1.3767856843293131,103.7397419371452,87,A,SOUTH VIEW LRT STATION,1.38029828742399,103.745291799824,28,0.7301835594625304,"[[103.7397419371452, 1.3767856843293131], [103.745291799824, 1.38029828742399]]",805.5,189.3
88,88,88,18914,1.4299664525108295,103.84339056805456,88,A,YISHUN MRT STATION,1.42944308477331,103.835005047246,83,0.9339519908140476,"[[103.84339056805456, 1.4299664525108295], [103.835005047246, 1.42944308477331]]",1808.8,546.8
89,89,89,19143,1.3381532057455416,103.7214787907682,89,A,LAKESIDE MRT STATION,1.34425911493819,103.720949087456,98,0.6814948183972652,"[[103.7214787907682, 1.3381532057455416], [103.720949087456, 1.34425911493819]]",988.2,262.7
90,90,90,19367,1.3786624206904408,103.87905320236814,90,A,SENGKANG LRT DEPOT,1.38987312371034,103.883852884646,108,1.3559553064269505,"[[103.87905320236814, 1.3786624206904408], [103.883852884646, 1.38987312371034]]",3197.2,680.4
91,91,91,19546,1.3272195838463068,103.85756876136954,91,A,BOON KENG MRT STATION,1.31993957653291,103.862052698446,73,0.9506579068824442,"[[103.85756876136954, 1.3272195838463068], [103.862052698446, 1.31993957653291]]",2368.9,604.2
92,92,92,19730,1.3503717236066928,103.74588045392116,92,A,BUKIT BATOK MRT STATION,1.34903331201636,103.749566478309,43,0.4359434386329358,"[[103.74588045392116, 1.3503717236066928], [103.749566478309, 1.34903331201636]]",730.3,305.4
93,93,93,20045,1.3870133069886323,103.76546498208116,93,A,JELAPANG LRT STATION,1.38673926997961,103.76453408646,144,0.1078737114326745,"[[103.76546498208116, 1.3870133069886323], [103.76453408646, 1.38673926997961]]",194.1,79.8
94,94,94,20300,1.4452151368879849,103.83174594896865,94,A,CANBERRA MRT STATION,1.44307664075699,103.829702590959,185,0.3288405610303523,"[[103.83174594896865, 1.4452151368879849], [103.829702590959, 1.44307664075699]]",917.5,254.6
95,95,95,20349,1.3494336785880316,103.9333539237946,95,A,TAMPINES WEST MRT STATION,1.3456336579777,103.938492495285,19,0.7105214051095596,"[[103.9333539237946, 1.3494336785880316], [103.938492495285, 1.3456336579777]]",1161.8,325.4
96,96,96,20653,1.2756419763680185,103.83950412311589,96,A,OUTRAM PARK MRT STATION,1.27973970679335,103.839513521005,110,0.4556480317749189,"[[103.83950412311589, 1.2756419763680185], [103.839513521005, 1.27973970679335]]",801.3,215.9
97,97,97,20811,1.37213791124516,103.85732023968572,97,A,ANG MO KIO MRT STATION,1.36942855699191,103.849455226442,54,0.9247490048911544,"[[103.85732023968573, 1.37213791124516], [103.849455226442, 1.36942855699191]]",1725.1,460.0
98,98,98,20976,1.305827281281948,103.8623129166334,98,A,LAVENDER MRT STATION,1.30737781747063,103.862767633888,4,0.1796692133590722,"[[103.86231291663341, 1.305827281281948], [103.862767633888, 1.30737781747063]]",460.4,140.8
99,99,99,21207,1.3609124046648151,103.95803394649506,99,A,TAMPINES EAST MRT STATION,1.35619148271544,103.9546344625,21,0.646817164493976,"[[103.95803394649506, 1.3609124046648151], [103.9546344625, 1.35619148271544]]",1017.4,220.0
100,100,100,21547,1.3753673909478197,103.77359719316692,100,A,PENDING LRT STATION,1.37613574334988,103.771261175571,148,0.2733721792525635,"[[103.77359719316692, 1.3753673909478197], [103.771261175571, 1.37613574334988]]",460.4,270.2
101,101,101,21656,1.344916917136854,103.75741220184112,101,A,BUKIT BATOK MRT STATION,1.34903331201636,103.749566478309,43,0.9849766254016528,"[[103.75741220184112, 1.344916917136854], [103.749566478309, 1.34903331201636]]",1410.0,330.4
102,102,102,21909,1.4024676694109992,103.75019483844864,102,A,YEW TEE MRT STATION,1.39729771118639,103.74735767326,82,0.655702916661262,"[[103.75019483844864, 1.4024676694109992], [103.74735767326, 1.39729771118639]]",879.8,224.8
103,103,103,22091,1.3993617199290949,103.91813155822196,103,A,KADALOOR LRT STATION,1.39950910636258,103.916574974234,50,0.1738070004184902,"[[103.91813155822196, 1.3993617199290949], [103.916574974234, 1.39950910636258]]",665.4,195.1
104,104,104,22268,1.4431417600860352,103.80693659397264,104,A,ADMIRALTY MRT STATION,1.44058856161847,103.800990519771,12,0.7193567121873263,"[[103.80693659397264, 1.4431417600860352], [103.800990519771, 1.44058856161847]]",997.8,221.4
105,105,105,22473,1.3086360272035835,103.88541244775529,105,A,DAKOTA MRT STATION,1.30854798388121,103.889064718377,3,0.4061260620979439,"[[103.88541244775529, 1.3086360272035835], [103.889064718377, 1.30854798388121]]",616.0,131.0
106,106,106,22703,1.3618978283662635,103.93583456325216,106,A,TAMPINES WEST MRT STATION,1.3456336579777,103.938492495285,19,1.8324704551839257,"[[103.93583456325216, 1.3618978283662635], [103.938492495285, 1.3456336579777]]",2486.5,606.6
107,107,107,22909,1.3693959421083557,103.949647487418,107,A,PASIR RIS MRT STATION,1.37300805046319,103.949265083922,11,0.4038913754830112,"[[103.949647487418, 1.3693959421083555], [103.949265083922, 1.37300805046319]]",567.6,167.8
108,108,108,23211,1.3833032291361167,103.89545404394303,108,A,RANGGUNG LRT STATION,1.38423355918277,103.897194667804,100,0.2194098377453021,"[[103.89545404394303, 1.3833032291361167], [103.897194667804, 1.38423355918277]]",582.9,126.9
109,109,109,23459,1.2996168042710607,103.79796868984572,109,A,COMMONWEALTH MRT STATION,1.30250199924325,103.798228523336,134,0.3221167263946423,"[[103.79796868984572, 1.2996168042710607], [103.798228523336, 1.30250199924325]]",1077.3,255.1
110,110,110,23648,1.308622750600233,103.79401320563068,110,A,BUONA VISTA MRT STATION,1.3072237082044,103.790253514502,109,0.4459628097227813,"[[103.79401320563068, 1.308622750600233], [103.790253514502, 1.3072237082044]]",1238.4,352.6
111,111,111,23893,1.377157412896861,103.76738624176596,111,A,PETIR LRT STATION,1.37777204259082,103.766645782497,140,0.1069862062575684,"[[103.76738624176596, 1.377157412896861], [103.766645782497, 1.37777204259082]]",1074.2,260.6
112,112,112,23999,1.3526955949960908,103.87208186186216,112,A,SERANGOON MRT STATION,1.35063361526525,103.872771660431,32,0.2417644096366828,"[[103.87208186186216, 1.3526955949960908], [103.872771660431, 1.35063361526525]]",388.3,233.0
113,113,113,24358,1.3353585240789,103.93660330019505,113,A,BEDOK RESERVOIR MRT STATION,1.33660782955099,103.932234623286,177,0.5051203472955587,"[[103.93660330019505, 1.3353585240789], [103.932234623286, 1.33660782955099]]",764.8,369.0
114,114,114,24437,1.3045182588389768,103.76417746044278,114,A,CLEMENTI MRT STATION,1.31511625277378,103.765191452888,42,1.1838219379455737,"[[103.76417746044278, 1.3045182588389768], [103.765191452888, 1.31511625277378]]",1803.3,436.5
115,115,115,24751,1.3440905883320242,103.70255473700657,115,A,BOON LAY MRT STATION,1.33861033900695,103.706084900902,142,0.7248029651527422,"[[103.70255473700657, 1.3440905883320242], [103.706084900902, 1.33861033900695]]",1132.2,374.1
116,116,116,24868,1.4104582805095245,103.89901090097152,116,A,NIBONG LRT STATION,1.41185447744238,103.900339452055,45,0.2142730387794446,"[[103.89901090097152, 1.4104582805095245], [103.900339452055, 1.41185447744238]]",240.3,121.3
117,117,117,25059,1.356867879838095,103.94653560074488,117,A,TAMPINES EAST MRT STATION,1.35619148271544,103.9546344625,21,0.903436125055254,"[[103.94653560074487, 1.356867879838095], [103.9546344625, 1.35619148271544]]",1462.6,323.5
118,118,118,25388,1.2872510490477802,103.80745467480816,118,A,QUEENSTOWN MRT STATION,1.29455085184931,103.806077155982,137,0.8260197732012234,"[[103.80745467480816, 1.2872510490477802], [103.806077155982, 1.29455085184931]]",2067.1,449.4
119,119,119,25603,1.313588946032592,103.87226653774702,119,A,KALLANG MRT STATION,1.31148890998818,103.871386541754,138,0.2531764175845949,"[[103.87226653774702, 1.313588946032592], [103.871386541754, 1.31148890998818]]",413.0,149.4
120,120,120,25853,1.3172689747485051,103.8070580447481,120,A,FARRER ROAD MRT STATION,1.31743915158967,103.807379214161,174,0.0404076044157388,"[[103.8070580447481, 1.3172689747485051], [103.807379214161, 1.31743915158967]]",39.4,23.6
121,121,121,25915,1.356948580106044,103.95260944585569,121,A,TAMPINES EAST MRT STATION,1.35619148271544,103.9546344625,21,0.2403351855685666,"[[103.95260944585569, 1.356948580106044], [103.9546344625, 1.35619148271544]]",496.1,167.8
122,122,122,26182,1.3877880612070277,103.77113132592812,122,A,SEGAR LRT STATION,1.38778508663361,103.769599685249,75,0.1702610378804102,"[[103.77113132592812, 1.3877880612070277], [103.769599685249, 1.38778508663361]]",397.4,107.0
123,123,123,26334,1.435566123626416,103.7984696563486,123,A,ADMIRALTY MRT STATION,1.44058856161847,103.800990519771,12,0.6248287548007837,"[[103.7984696563486, 1.435566123626416], [103.800990519771, 1.44058856161847]]",1049.5,218.8
124,124,124,26584,1.3412897099140313,103.73776486083258,124,A,CHINESE GARDEN MRT STATION,1.34224494823931,103.732766601621,49,0.5656902100805188,"[[103.73776486083258, 1.3412897099140313], [103.732766601621, 1.34224494823931]]",1310.2,378.5
125,125,125,26914,1.3001754928952325,103.85261752754148,125,A,BENCOOLEN MRT STATION,1.29891843369422,103.850353762717,165,0.2878680339741069,"[[103.85261752754148, 1.3001754928952323], [103.850353762717, 1.29891843369422]]",584.2,122.3
126,126,126,27068,1.3420858957952733,103.69820792668644,126,A,PIONEER MRT STATION,1.33758701106708,103.697321608474,105,0.5098635301583976,"[[103.69820792668644, 1.3420858957952733], [103.697321608474, 1.33758701106708]]",784.5,262.5
127,127,127,27212,1.340246889111359,103.84736998160729,127,A,BRADDELL MRT STATION,1.3404690010277,103.846799083148,35,0.0681000090209703,"[[103.84736998160729, 1.340246889111359], [103.846799083148, 1.3404690010277]]",275.7,95.7
128,128,128,27407,1.4414773872761129,103.77700330853932,128,A,MARSILING MRT STATION,1.43252114855026,103.774074641403,15,1.0477483749353491,"[[103.77700330853932, 1.4414773872761129], [103.774074641403, 1.43252114855026]]",1999.3,469.3
129,129,129,27617,1.3764410471296462,103.93532540342808,129,A,PASIR RIS MRT STATION,1.37300805046319,103.949265083922,11,1.5959021714632544,"[[103.93532540342808, 1.3764410471296462], [103.949265083922, 1.37300805046319]]",2009.6,465.2
130,130,130,27841,1.365527974839832,103.96192213040476,130,A,TAMPINES EAST MRT STATION,1.35619148271544,103.9546344625,21,1.3168513958931,"[[103.96192213040476, 1.365527974839832], [103.9546344625, 1.35619148271544]]",1847.9,382.1
131,131,131,28176,1.3802018490424155,103.75238828775416,131,A,KEAT HONG LRT STATION,1.3786032506373,103.749055668925,143,0.4109014245676575,"[[103.75238828775416, 1.3802018490424155], [103.749055668925, 1.3786032506373]]",674.3,190.1
132,132,132,28261,1.3244800559305867,103.91086108698852,132,A,KEMBANGAN MRT STATION,1.3210381335934,103.912947930851,13,0.4475430173375327,"[[103.91086108698852, 1.3244800559305867], [103.912947930851, 1.3210381335934]]",524.3,122.9
133,133,133,28505,1.40302773351769,103.91363269662236,133,A,OASIS LRT STATION,1.40228667971123,103.912727352412,44,0.1300703932227101,"[[103.91363269662236, 1.40302773351769], [103.912727352412, 1.40228667971123]]",275.7,115.0
134,134,134,28683,1.3692446831352711,103.89673146398728,134,A,HOUGANG MRT STATION,1.37129226620797,103.892380513029,7,0.5345752630871232,"[[103.89673146398728, 1.3692446831352711], [103.892380513029, 1.37129226620797]]",1095.5,244.8
135,135,135,28963,1.3349199323312244,103.87983998471915,135,A,BARTLEY MRT STATION,1.34250117805245,103.880177899184,74,0.8438325801193367,"[[103.87983998471915, 1.3349199323312244], [103.880177899184, 1.34250117805245]]",1772.2,416.5
136,136,136,29270,1.331070363536183,103.9105270220288,136,A,KAKI BUKIT MRT STATION,1.33496735995428,103.908459338046,167,0.4905143902472742,"[[103.9105270220288, 1.3310703635361827], [103.908459338046, 1.33496735995428]]",919.9,308.7
137,137,137,29492,1.319622234935913,103.74844957129432,137,A,JURONG EAST MRT STATION,1.33315261987295,103.742286544006,175,1.6531580882137238,"[[103.74844957129432, 1.319622234935913], [103.742286544006, 1.33315261987295]]",2343.9,558.6
138,138,138,29539,1.3769906866785988,103.88740001950951,138,A,HOUGANG MRT STATION,1.37129226620797,103.892380513029,7,0.8414381462435827,"[[103.88740001950951, 1.3769906866785988], [103.892380513029, 1.37129226620797]]",2106.2,460.1
139,139,139,29751,1.3876362125316877,103.89230308539994,139,A,RENJONG LRT STATION,1.38670058991904,103.89062131608,5,0.2139478288008921,"[[103.89230308539994, 1.3876362125316875], [103.89062131608, 1.38670058991904]]",381.5,95.6
140,140,140,30153,1.2873053155075924,103.83124558172256,140,A,HAVELOCK MRT STATION,1.28850523975311,103.833585838226,194,0.2923782141159154,"[[103.83124558172256, 1.2873053155075924], [103.833585838226, 1.28850523975311]]",475.6,108.3
141,141,141,30191,1.4219328516149332,103.8342614561949,141,A,KHATIB MRT STATION,1.41738337009565,103.832979908243,17,0.525555020703951,"[[103.8342614561949, 1.4219328516149332], [103.832979908243, 1.41738337009565]]",763.2,310.7
142,142,142,30599,1.358578531558104,103.8312574689162,142,A,UPPER THOMSON MRT STATION,1.35441643365401,103.832898468504,212,0.4974581838991633,"[[103.8312574689162, 1.358578531558104], [103.832898468504, 1.35441643365401]]",1128.2,333.7
143,143,143,30754,1.351900278087288,103.88714922992672,143,A,KOVAN MRT STATION,1.36017917065237,103.885064856353,153,0.9492832875493056,"[[103.88714922992672, 1.351900278087288], [103.885064856353, 1.36017917065237]]",2003.9,486.9
144,144,144,30913,1.3458054936786623,103.71665313225688,144,A,LAKESIDE MRT STATION,1.34425911493819,103.720949087456,98,0.5075698205715757,"[[103.71665313225688, 1.3458054936786623], [103.720949087456, 1.34425911493819]]",1174.5,384.1
145,145,145,31168,1.3899114203180352,103.90844068671731,145,A,RUMBIA LRT STATION,1.39146849534132,103.90597359341,139,0.3243281139945404,"[[103.90844068671731, 1.3899114203180352], [103.90597359341, 1.39146849534132]]",482.2,242.8
146,146,146,31291,1.321696370933544,103.90258499594844,146,A,EUNOS MRT STATION,1.31978354916088,103.903225807255,48,0.224308256355333,"[[103.90258499594844, 1.3216963709335439], [103.903225807255, 1.31978354916088]]",407.3,185.8
147,147,147,31479,1.352520986138544,103.9504418181398,147,A,TAMPINES EAST MRT STATION,1.35619148271544,103.9546344625,21,0.6195163418647023,"[[103.9504418181398, 1.3525209861385439], [103.9546344625, 1.35619148271544]]",989.3,250.3
148,148,148,31881,1.3227396181800248,103.94022068265332,148,A,TANAH MERAH MRT STATION,1.32731098211445,103.946451703007,210,0.8591722081917137,"[[103.94022068265332, 1.3227396181800248], [103.946451703007, 1.32731098211445]]",2223.0,630.0
149,149,149,31986,1.4553415869529795,103.81542958660565,149,A,SEMBAWANG MRT STATION,1.44905082158502,103.820046140211,101,0.8675528213835838,"[[103.81542958660565, 1.4553415869529795], [103.820046140211, 1.44905082158502]]",1209.8,257.2
150,150,150,32262,1.3222808862876692,103.86843063407994,150,A,GEYLANG BAHRU MRT STATION,1.32130110228321,103.871622627142,163,0.3711874993022267,"[[103.86843063407994, 1.3222808862876692], [103.871622627142, 1.32130110228321]]",723.6,260.2
151,151,151,32356,1.349874397888229,103.75674484430944,151,A,BUKIT BATOK MRT STATION,1.34903331201636,103.749566478309,43,0.8034384421625353,"[[103.75674484430944, 1.349874397888229], [103.749566478309, 1.34903331201636]]",1458.2,376.0
152,152,152,32628,1.450934280995836,103.82516230031416,152,A,SEMBAWANG MRT STATION,1.44905082158502,103.820046140211,101,0.6060455369085914,"[[103.82516230031416, 1.450934280995836], [103.820046140211, 1.44905082158502]]",924.3,295.3
153,153,153,32784,1.3464473757208313,103.7434977674945,153,A,BUKIT BATOK MRT STATION,1.34903331201636,103.749566478309,43,0.7333467127461852,"[[103.7434977674945, 1.3464473757208313], [103.749566478309, 1.34903331201636]]",1022.7,255.8
154,154,154,33132,1.3354911780761851,103.92737998600568,154,A,BEDOK RESERVOIR MRT STATION,1.33660782955099,103.932234623286,177,0.5537641439551231,"[[103.92737998600568, 1.3354911780761851], [103.932234623286, 1.33660782955099]]",566.7,139.9
155,155,155,33319,1.363162602100774,103.85411678653448,155,A,BISHAN DEPOT,1.35535858543375,103.853976756031,150,0.8679066663804923,"[[103.85411678653448, 1.363162602100774], [103.853976756031, 1.35535858543375]]",1341.6,479.5
156,156,156,33393,1.3197570291249976,103.88524398979668,156,A,ALJUNIED MRT STATION,1.3164326118157,103.882906044385,9,0.4518790934662325,"[[103.88524398979668, 1.3197570291249976], [103.882906044385, 1.3164326118157]]",814.4,263.0
157,157,157,33679,1.393015554937482,103.74703416282716,157,A,YEW TEE MRT STATION,1.39729771118639,103.74735767326,82,0.4775101555930511,"[[103.74703416282716, 1.3930155549374819], [103.74735767326, 1.39729771118639]]",1044.6,357.2
158,158,158,33894,1.4281731411757848,103.84676425991503,158,A,YISHUN MRT STATION,1.42944308477331,103.835005047246,83,1.314763588421753,"[[103.84676425991503, 1.4281731411757848], [103.835005047246, 1.42944308477331]]",2892.8,765.8
159,159,159,34038,1.4479460100957011,103.80148472439492,159,A,ADMIRALTY MRT STATION,1.44058856161847,103.800990519771,12,0.8199533128044874,"[[103.80148472439492, 1.4479460100957011], [103.800990519771, 1.44058856161847]]",1359.3,290.1
160,160,160,34344,1.3413839035834612,103.69383412220128,160,A,PIONEER MRT STATION,1.33758701106708,103.697321608474,105,0.5731913179784897,"[[103.69383412220128, 1.3413839035834612], [103.697321608474, 1.33758701106708]]",1332.2,266.4
161,161,161,34472,1.3911680756745697,103.87835302031765,161,A,LAYAR LRT STATION,1.39207983659997,103.880029600546,18,0.2121630476299487,"[[103.87835302031765, 1.3911680756745697], [103.880029600546, 1.39207983659997]]",508.2,241.7
162,162,162,34756,1.392319881660584,103.88569515873348,162,A,TONGKANG LRT STATION,1.38934794658941,103.885844150116,89,0.3308788743579723,"[[103.88569515873348, 1.392319881660584], [103.885844150116, 1.38934794658941]]",485.6,126.8
163,163,163,34901,1.3482832980261572,103.93904394346256,163,A,TAMPINES WEST MRT STATION,1.3456336579777,103.938492495285,19,0.300936274940868,"[[103.93904394346256, 1.3482832980261572], [103.938492495285, 1.3456336579777]]",368.8,150.7
164,164,164,35107,1.3612805640207817,103.93970501613722,164,A,PASIR RIS MRT STATION,1.37300805046319,103.949265083922,11,1.6822319084255142,"[[103.93970501613722, 1.3612805640207815], [103.949265083922, 1.37300805046319]]",3406.9,802.1
165,165,165,35396,1.343875915636728,103.95779739796367,165,A,UPPER CHANGI MRT STATION,1.34173977444995,103.961472788634,87,0.4726003804446128,"[[103.95779739796367, 1.343875915636728], [103.961472788634, 1.34173977444995]]",935.0,215.0
166,166,166,35651,1.3927246134342532,103.87204675990245,166,A,FERNVALE LRT STATION,1.39188589234766,103.87630862552,128,0.4828501647764179,"[[103.87204675990245, 1.3927246134342532], [103.87630862552, 1.39188589234766]]",978.0,243.3
167,167,167,35754,1.394430748737401,103.90349754719496,167,A,COMPASSVALE LRT STATION,1.39449304450373,103.900492450944,16,0.3341243088894135,"[[103.90349754719496, 1.394430748737401], [103.900492450944, 1.39449304450373]]",916.7,247.0
168,168,168,35967,1.4381062319006723,103.7798496556179,168,A,MARSILING MRT STATION,1.43252114855026,103.774074641403,15,0.8931868422870458,"[[103.7798496556179, 1.4381062319006723], [103.774074641403, 1.43252114855026]]",2254.5,543.8
169,169,169,36266,1.446207013871725,103.81639750611036,169,A,SEMBAWANG MRT STATION,1.44905082158502,103.820046140211,101,0.5142843693122049,"[[103.81639750611036, 1.4462070138717247], [103.820046140211, 1.44905082158502]]",1319.7,370.1
170,170,170,36555,1.3258040401773907,103.92278782623345,170,A,BEDOK NORTH MRT STATION,1.33474211664091,103.91797832995,176,1.1285490692064937,"[[103.92278782623345, 1.3258040401773907], [103.91797832995, 1.33474211664091]]",3061.0,659.7
171,171,171,36698,1.348077526216629,103.69786754570892,171,A,PIONEER MRT STATION,1.33758701106708,103.697321608474,105,1.1680697153131387,"[[103.69786754570892, 1.3480775262166287], [103.697321608474, 1.33758701106708]]",1697.6,340.9
172,172,172,36835,1.3749276451165235,103.74427015636898,172,A,SOUTH VIEW LRT STATION,1.38029828742399,103.745291799824,28,0.6078910893306224,"[[103.74427015636898, 1.3749276451165235], [103.745291799824, 1.38029828742399]]",872.8,343.1
173,173,173,37056,1.3380321250531613,103.8572763030006,173,A,BRADDELL MRT STATION,1.3404690010277,103.846799083148,35,1.1958006855087413,"[[103.8572763030006, 1.3380321250531613], [103.846799083148, 1.3404690010277]]",2298.3,590.9
174,174,174,37445,1.3229399658864007,103.93475081515926,174,A,TANAH MERAH MRT STATION,1.32731098211445,103.946451703007,210,1.3885719488532966,"[[103.93475081515926, 1.3229399658864007], [103.946451703007, 1.32731098211445]]",2465.0,632.4
175,175,175,37547,1.3502525494718407,103.72466515417032,175,A,LAKESIDE MRT STATION,1.34425911493819,103.720949087456,98,0.7840841125040839,"[[103.72466515417032, 1.3502525494718407], [103.720949087456, 1.34425911493819]]",1324.5,332.4
176,176,176,37818,1.351700462224058,103.8379073632779,176,A,MARYMOUNT MRT STATION,1.348707263451,103.839423132332,155,0.3730505943965059,"[[103.8379073632779, 1.351700462224058], [103.839423132332, 1.348707263451]]",743.7,185.8
177,177,177,37969,1.2775902532183938,103.82004838309877,177,A,TIONG BAHRU MRT STATION,1.28610253588403,103.827445112691,92,1.2538093825959715,"[[103.82004838309877, 1.2775902532183938], [103.827445112691, 1.28610253588403]]",2423.2,555.2
178,178,178,38138,1.3627951542605017,103.75072037426068,178,A,BUKIT GOMBAK MRT STATION,1.35861159094192,103.751790910733,47,0.4801716256457999,"[[103.75072037426067, 1.3627951542605015], [103.751790910733, 1.35861159094192]]",939.7,266.1
179,179,179,38408,1.3840486849738411,103.90046940649889,179,A,KANGKAR LRT STATION,1.38395911688913,103.90222537044,103,0.1954512365962274,"[[103.90046940649889, 1.3840486849738411], [103.90222537044, 1.38395911688913]]",564.2,118.4
180,180,180,38573,1.3662625430688309,103.84369091606789,180,A,ANG MO KIO MRT STATION,1.36942855699191,103.849455226442,54,0.7311181366763615,"[[103.84369091606789, 1.3662625430688309], [103.849455226442, 1.36942855699191]]",953.4,213.4
181,181,181,38870,1.297145299929383,103.80440567595988,181,A,QUEENSTOWN MRT STATION,1.29455085184931,103.806077155982,137,0.3431508124180614,"[[103.80440567595988, 1.297145299929383], [103.806077155982, 1.29455085184931]]",806.8,161.4
182,182,182,39001,1.3709738116242185,103.84511535366347,182,A,ANG MO KIO MRT STATION,1.36942855699191,103.849455226442,54,0.5121191944976325,"[[103.84511535366347, 1.3709738116242183], [103.849455226442, 1.36942855699191]]",851.0,221.6
183,183,183,39253,1.289628102734533,103.82780263511468,183,A,TIONG BAHRU MRT STATION,1.28610253588403,103.827445112691,92,0.3940347095472185,"[[103.82780263511467, 1.289628102734533], [103.827445112691, 1.28610253588403]]",703.2,257.6
184,184,184,39517,1.3478205188149088,103.71058288777589,184,A,BOON LAY MRT STATION,1.33861033900695,103.706084900902,142,1.1396703248704876,"[[103.71058288777589, 1.3478205188149088], [103.706084900902, 1.33861033900695]]",1649.2,418.0
185,185,185,39602,1.4448691475158475,103.79556347980296,185,A,ADMIRALTY MRT STATION,1.44058856161847,103.800990519771,12,0.7684326341617833,"[[103.79556347980296, 1.4448691475158475], [103.800990519771, 1.44058856161847]]",1366.4,285.6
186,186,186,39956,1.372936960702306,103.87529874437236,186,A,KOVAN MRT STATION,1.36017917065237,103.885064856353,153,1.7863453830458291,"[[103.87529874437236, 1.372936960702306], [103.885064856353, 1.36017917065237]]",3651.2,770.5
187,187,187,40100,1.4300775839166504,103.835246410066,187,A,YISHUN MRT STATION,1.42944308477331,103.835005047246,83,0.0754823485459814,"[[103.835246410066, 1.4300775839166504], [103.835005047246, 1.42944308477331]]",636.3,312.5
188,188,188,40243,1.3747989664695413,103.9455928664092,188,A,PASIR RIS MRT STATION,1.37300805046319,103.949265083922,11,0.4541983936686514,"[[103.94559286640919, 1.3747989664695413], [103.949265083922, 1.37300805046319]]",730.2,190.8
189,189,189,40518,1.322109946768817,103.85555183905691,189,A,BOON KENG MRT STATION,1.31993957653291,103.862052698446,73,0.7619020721165046,"[[103.85555183905691, 1.322109946768817], [103.862052698446, 1.31993957653291]]",1756.8,500.0
190,190,190,40677,1.4157577625258515,103.84042051905315,190,A,KHATIB MRT STATION,1.41738337009565,103.832979908243,17,0.846626916734342,"[[103.84042051905315, 1.4157577625258515], [103.832979908243, 1.41738337009565]]",1432.6,375.0
191,191,191,40912,1.288597993290928,103.81487928767083,191,A,REDHILL MRT STATION,1.28963453412887,103.81674097205,39,0.2368877739748474,"[[103.81487928767083, 1.288597993290928], [103.81674097205, 1.28963453412887]]",317.9,100.4
192,192,192,41293,1.2810018041749545,103.81028110505753,192,A,TELOK BLANGAH MRT STATION,1.27070647772509,103.809761611219,206,1.1462438108231063,"[[103.81028110505753, 1.2810018041749545], [103.809761611219, 1.27070647772509]]",2811.4,635.1
193,193,193,41330,1.4044173176579835,103.8971652440856,193,A,SOO TECK LRT STATION,1.40532331860455,103.897290522033,29,0.1017006844352528,"[[103.89716524408561, 1.4044173176579835], [103.897290522033, 1.40532331860455]]",184.2,72.0
194,194,194,41612,1.3344649920368847,103.86592120254132,194,A,POTONG PASIR MRT STATION,1.3318797140041,103.869057877586,97,0.4519094654648404,"[[103.86592120254132, 1.3344649920368847], [103.869057877586, 1.3318797140041]]",709.9,209.2
195,195,195,41915,1.4303958525330611,103.79545897687478,195,A,WOODLANDS SOUTH MRT STATION,1.42748811362716,103.792729941333,186,0.4433589952180118,"[[103.79545897687478, 1.4303958525330611], [103.792729941333, 1.42748811362716]]",706.6,149.1
196,196,196,42048,1.3413647634175148,103.6882791278445,196,A,PIONEER MRT STATION,1.33758701106708,103.697321608474,105,1.0894446742029535,"[[103.6882791278445, 1.3413647634175148], [103.697321608474, 1.33758701106708]]",1744.7,454.1
197,197,197,42179,1.3523301041048943,103.95601747151284,197,A,TAMPINES EAST MRT STATION,1.35619148271544,103.9546344625,21,0.4560604076707293,"[[103.95601747151284, 1.3523301041048943], [103.9546344625, 1.35619148271544]]",741.8,165.2
198,198,198,42379,1.3711972406544115,103.88497904944724,198,A,HOUGANG MRT STATION,1.37129226620797,103.892380513029,7,0.822837358603404,"[[103.88497904944724, 1.3711972406544115], [103.892380513029, 1.37129226620797]]",1315.8,341.2
199,199,199,42693,1.3844897743956048,103.8816430874234,199,A,SENGKANG LRT DEPOT,1.38987312371034,103.883852884646,108,0.6470435723538324,"[[103.8816430874234, 1.3844897743956048], [103.883852884646, 1.38987312371034]]",2245.0,577.5
200,200,200,42850,1.3972161999295154,103.89739902698456,200,A,CHENG LIM LRT STATION,1.39627763344324,103.893797181731,51,0.4137659899559217,"[[103.89739902698456, 1.3972161999295154], [103.893797181731, 1.39627763344324]]",608.8,133.6
201,201,201,43182,1.3069895284265052,103.85441914432418,201,A,JALAN BESAR MRT STATION,1.3051713878069,103.855295713435,169,0.2244267761785705,"[[103.85441914432418, 1.3069895284265052], [103.855295713435, 1.3051713878069]]",499.7,149.3
202,202,202,43318,1.3320956483398327,103.8572181738682,202,A,TOA PAYOH MRT STATION,1.33259672794159,103.847577286075,91,1.0731753393012609,"[[103.8572181738682, 1.3320956483398327], [103.847577286075, 1.33259672794159]]",1970.6,479.2
203,203,203,43533,1.2797055285256302,103.82821650447652,203,A,TIONG BAHRU MRT STATION,1.28610253588403,103.827445112691,92,0.7164651637270321,"[[103.82821650447652, 1.2797055285256302], [103.827445112691, 1.28610253588403]]",1157.2,317.3
204,204,204,43668,1.4437277903544683,103.80132464715813,204,A,ADMIRALTY MRT STATION,1.44058856161847,103.800990519771,12,0.3510367206450436,"[[103.80132464715813, 1.4437277903544683], [103.800990519771, 1.44058856161847]]",1108.7,316.1
205,205,205,43881,1.3655011379940727,103.94206364576355,205,A,PASIR RIS MRT STATION,1.37300805046319,103.949265083922,11,1.1565599873042456,"[[103.94206364576355, 1.3655011379940727], [103.949265083922, 1.37300805046319]]",1875.5,416.8
206,206,206,44169,1.433302179599676,103.7854261157195,206,A,WOODLANDS MRT STATION,1.43605761708128,103.787938777173,86,0.4145937636051531,"[[103.7854261157195, 1.4333021795996759], [103.787938777173, 1.43605761708128]]",704.7,227.1
207,207,207,44325,1.38160576899807,103.74653781389156,207,A,SOUTH VIEW LRT STATION,1.38029828742399,103.745291799824,28,0.2008033033100948,"[[103.74653781389156, 1.38160576899807], [103.745291799824, 1.38029828742399]]",795.4,170.8
208,208,208,44531,1.3539342738554414,103.93191446248495,208,A,TAMPINES WEST MRT STATION,1.3456336579777,103.938492495285,19,1.1775470766379927,"[[103.93191446248495, 1.3539342738554414], [103.938492495285, 1.3456336579777]]",1682.1,479.4
209,209,209,44737,1.3720176083168267,103.96171708660547,209,A,PASIR RIS MRT STATION,1.37300805046319,103.949265083922,11,1.3885766215990785,"[[103.96171708660547, 1.3720176083168267], [103.949265083922, 1.37300805046319]]",2458.2,550.3
210,210,210,44987,1.3028509456836117,103.9081389565616,210,A,EUNOS MRT STATION,1.31978354916088,103.903225807255,48,1.9604376826554668,"[[103.9081389565616, 1.3028509456836117], [103.903225807255, 1.31978354916088]]",2887.5,672.1
211,211,211,45202,1.3457632073342811,103.7326481281847,211,A,CHINESE GARDEN MRT STATION,1.34224494823931,103.732766601621,49,0.3914341810595895,"[[103.7326481281847, 1.3457632073342811], [103.732766601621, 1.34224494823931]]",1410.4,406.2
212,212,212,45440,1.317883587307786,103.86161373017907,212,A,BOON KENG MRT STATION,1.31993957653291,103.862052698446,73,0.2337655558983286,"[[103.86161373017907, 1.317883587307786], [103.862052698446, 1.31993957653291]]",319.9,180.3
213,213,213,45666,1.3422565031045823,103.87326193519652,213,A,WOODLEIGH MRT STATION,1.33919004519388,103.87081830915,85,0.4359522325853378,"[[103.87326193519652, 1.3422565031045823], [103.87081830915, 1.33919004519388]]",799.5,316.3
214,214,214,45898,1.377460267150182,103.90200232420923,214,A,KANGKAR LRT STATION,1.38395911688913,103.90222537044,103,0.7230643542821846,"[[103.90200232420923, 1.3774602671501819], [103.90222537044, 1.38395911688913]]",1045.8,270.3
215,215,215,46186,1.331227712635909,103.93115292437344,215,A,BEDOK RESERVOIR MRT STATION,1.33660782955099,103.932234623286,177,0.6102068829515046,"[[103.93115292437344, 1.331227712635909], [103.932234623286, 1.33660782955099]]",1236.2,337.0
216,216,216,46306,1.4219327921147635,103.84667599042902,216,A,YISHUN MRT STATION,1.42944308477331,103.835005047246,83,1.5428915798018128,"[[103.84667599042902, 1.4219327921147635], [103.835005047246, 1.42944308477331]]",2738.5,847.6
217,217,217,46612,1.3369528386807772,103.74001209192532,217,A,JURONG EAST MRT STATION,1.33315261987295,103.742286544006,175,0.4924314381926501,"[[103.74001209192532, 1.3369528386807772], [103.742286544006, 1.33315261987295]]",722.3,227.8
218,218,218,46690,1.2871709835697127,103.8207373485468,218,A,REDHILL MRT STATION,1.28963453412887,103.81674097205,39,0.5219299860389203,"[[103.8207373485468, 1.2871709835697127], [103.81674097205, 1.28963453412887]]",857.4,193.1
219,219,219,46877,1.380417490693653,103.93747678784588,219,A,PASIR RIS MRT STATION,1.37300805046319,103.949265083922,11,1.5479017275768945,"[[103.93747678784588, 1.380417490693653], [103.949265083922, 1.37300805046319]]",2078.0,492.7
220,220,220,47273,1.284163986100058,103.8318431886355,220,A,HAVELOCK MRT STATION,1.28850523975311,103.833585838226,194,0.5201472429713149,"[[103.8318431886355, 1.284163986100058], [103.833585838226, 1.28850523975311]]",1248.6,252.6
221,221,221,47362,1.3817355029867255,103.7630425379742,221,A,SENJA LRT STATION,1.38272547134453,103.76234425472,69,0.1346952541239852,"[[103.76304253797421, 1.3817355029867255], [103.76234425472, 1.38272547134453]]",377.8,99.0
222,222,222,47549,1.3147597660190853,103.76572098111023,222,A,CLEMENTI MRT STATION,1.31511625277378,103.765191452888,42,0.0709677420309992,"[[103.76572098111023, 1.3147597660190853], [103.765191452888, 1.31511625277378]]",578.2,129.8
223,223,223,47752,1.3431862355809616,103.9511476925734,223,A,SIMEI MRT STATION,1.34319707851829,103.953377214378,31,0.2478463256705635,"[[103.95114769257339, 1.3431862355809616], [103.953377214378, 1.34319707851829]]",391.9,116.8
224,224,224,48120,1.4493843568873743,103.83189862987246,224,A,CANBERRA MRT STATION,1.44307664075699,103.829702590959,185,0.7426522411991134,"[[103.83189862987246, 1.4493843568873743], [103.829702590959, 1.44307664075699]]",1523.0,381.6
225,225,225,48320,1.3246432227355975,103.88695515720822,225,A,MACPHERSON MRT STATION,1.32615024457361,103.889298600376,171,0.3097512770833067,"[[103.88695515720822, 1.3246432227355975], [103.889298600376, 1.32615024457361]]",537.4,177.6
226,226,226,48516,1.357225594003586,103.89080466340172,226,A,KOVAN MRT STATION,1.36017917065237,103.885064856353,153,0.7176207058116276,"[[103.89080466340172, 1.357225594003586], [103.885064856353, 1.36017917065237]]",1308.6,268.5
227,227,227,48659,1.401992412797311,103.74619446781604,227,A,YEW TEE MRT STATION,1.39729771118639,103.74735767326,82,0.5378026612181257,"[[103.74619446781605, 1.4019924127973107], [103.74735767326, 1.39729771118639]]",884.6,221.1
228,228,228,48889,1.3341994655714746,103.72284247522684,228,A,LAKESIDE MRT STATION,1.34425911493819,103.720949087456,98,1.1382119544419314,"[[103.72284247522684, 1.3341994655714746], [103.720949087456, 1.34425911493819]]",1574.1,359.1
229,229,229,49017,1.3672213350228366,103.95569872510347,229,A,PASIR RIS MRT STATION,1.37300805046319,103.949265083922,11,0.9620395214722276,"[[103.95569872510347, 1.3672213350228366], [103.949265083922, 1.37300805046319]]",1537.0,390.7
230,230,230,49305,1.4375624552429842,103.79303549238426,230,A,WOODLANDS MRT STATION,1.43605761708128,103.787938777173,86,0.5907445584669564,"[[103.79303549238426, 1.4375624552429842], [103.787938777173, 1.43605761708128]]",996.6,273.0
231,231,231,49524,1.3360059311304937,103.8446622541132,231,A,TOA PAYOH MRT STATION,1.33259672794159,103.847577286075,91,0.4987122850977708,"[[103.8446622541132, 1.3360059311304935], [103.847577286075, 1.33259672794159]]",691.0,245.2
232,232,232,49695,1.3174415186611363,103.89897194600712,232,A,EUNOS MRT STATION,1.31978354916088,103.903225807255,48,0.5398494778480428,"[[103.89897194600712, 1.3174415186611363], [103.903225807255, 1.31978354916088]]",791.6,219.2
233,233,233,49915,1.372266947456476,103.8535672481216,233,A,ANG MO KIO MRT STATION,1.36942855699191,103.849455226442,54,0.5554796540128661,"[[103.8535672481216, 1.372266947456476], [103.849455226442, 1.36942855699191]]",958.6,297.0
234,234,234,50158,1.42778398503801,103.82963501492203,234,A,YISHUN MRT STATION,1.42944308477331,103.835005047246,83,0.6247921575181419,"[[103.82963501492203, 1.42778398503801], [103.835005047246, 1.42944308477331]]",1108.2,425.6
235,235,235,50414,1.345675041156425,103.85443467659944,235,A,BISHAN MRT STATION,1.35131580146658,103.84914026532,125,0.8601158908856128,"[[103.85443467659944, 1.345675041156425], [103.84914026532, 1.35131580146658]]",1121.3,239.5
236,236,236,50594,1.3297069361967426,103.84379383324404,236,A,TOA PAYOH MRT STATION,1.33259672794159,103.847577286075,91,0.5292888608415678,"[[103.84379383324404, 1.3297069361967426], [103.847577286075, 1.33259672794159]]",1043.6,355.2
237,237,237,50894,1.3259584232222412,103.92874568154572,237,A,BEDOK RESERVOIR MRT STATION,1.33660782955099,103.932234623286,177,1.2460581025712367,"[[103.92874568154573, 1.3259584232222412], [103.932234623286, 1.33660782955099]]",2138.9,525.1
238,238,238,50959,1.3791265394068772,103.73659033225168,238,A,SOUTH VIEW LRT STATION,1.38029828742399,103.745291799824,28,0.9760142810747222,"[[103.73659033225168, 1.3791265394068772], [103.745291799824, 1.38029828742399]]",1370.6,290.4
239,239,239,51254,1.31029504759364,103.78690061007192,239,A,BUONA VISTA MRT STATION,1.3072237082044,103.790253514502,109,0.5055302084826049,"[[103.78690061007192, 1.31029504759364], [103.790253514502, 1.3072237082044]]",1605.3,338.9
240,240,240,51573,1.3765726373233027,103.83761377862686,240,A,MAYFLOWER MRT STATION,1.37146318831015,103.836567766945,214,0.5799215791524273,"[[103.83761377862686, 1.3765726373233027], [103.836567766945, 1.37146318831015]]",928.4,206.4
241,241,241,51581,1.3718408086163012,103.88051161228807,241,A,HOUGANG MRT STATION,1.37129226620797,103.892380513029,7,1.3207925749548244,"[[103.88051161228807, 1.3718408086163012], [103.892380513029, 1.37129226620797]]",1916.6,456.9
242,242,242,51941,1.3529582037562533,103.86799142291387,242,A,LORONG CHUAN MRT STATION,1.35163927757418,103.863945738773,154,0.473042749341833,"[[103.86799142291387, 1.3529582037562533], [103.863945738773, 1.35163927757418]]",1286.2,279.2
243,243,243,52018,1.3929504243557125,103.89859379170105,243,A,COMPASSVALE LRT STATION,1.39449304450373,103.900492450944,16,0.2719722257784293,"[[103.89859379170105, 1.3929504243557125], [103.900492450944, 1.39449304450373]]",516.8,195.7
244,244,244,52348,1.3971279983150324,103.88919346188892,244,A,FARMWAY LRT STATION,1.39717019591821,103.889304824196,133,0.0132386553933068,"[[103.88919346188892, 1.3971279983150324], [103.889304824196, 1.39717019591821]]",321.0,96.6
245,245,245,52461,1.356821791576001,103.87167359370822,245,A,SERANGOON MRT STATION,1.35063361526525,103.872771660431,32,0.6988369246311344,"[[103.87167359370822, 1.356821791576001], [103.872771660431, 1.35063361526525]]",1222.6,259.7
246,246,246,52656,1.4388077562480677,103.80305139967076,246,A,ADMIRALTY MRT STATION,1.44058856161847,103.800990519771,12,0.3028059098438018,"[[103.80305139967076, 1.4388077562480677], [103.800990519771, 1.44058856161847]]",424.7,93.5
247,247,247,52894,1.3157576523111312,103.85019235237031,247,A,FARRER PARK MRT STATION,1.31314029963164,103.854754721344,37,0.5847499234229981,"[[103.85019235237031, 1.3157576523111312], [103.854754721344, 1.31314029963164]]",979.6,334.4
248,248,248,53143,1.391301179364254,103.74250296447904,248,A,CHOA CHU KANG MRT STATION,1.38536316540225,103.744370779756,72,0.692153324041522,"[[103.74250296447904, 1.391301179364254], [103.744370779756, 1.38536316540225]]",1720.4,408.1
249,249,249,53339,1.3733699031048503,103.84966699365252,249,A,ANG MO KIO MRT STATION,1.36942855699191,103.849455226442,54,0.4388894722101008,"[[103.84966699365253, 1.3733699031048503], [103.849455226442, 1.36942855699191]]",753.0,289.4
250,250,250,53515,1.4350555623524217,103.77563094731104,250,A,MARSILING MRT STATION,1.43252114855026,103.774074641403,15,0.3306778017503877,"[[103.77563094731104, 1.4350555623524217], [103.774074641403, 1.43252114855026]]",529.7,196.6
251,251,251,53722,1.3793761609541042,103.75658225860484,251,A,PHOENIX LRT STATION,1.37861545104083,103.757995558346,8,0.1784302310221878,"[[103.75658225860484, 1.3793761609541042], [103.757995558346, 1.37861545104083]]",567.7,218.3
252,252,252,54058,1.3796252471299175,103.8906124812944,252,A,BUANGKOK MRT STATION,1.38287001971672,103.893122569706,131,0.456108415204948,"[[103.8906124812944, 1.3796252471299175], [103.893122569706, 1.38287001971672]]",1353.9,340.2
253,253,253,54278,1.292547407975447,103.80289573814171,253,A,QUEENSTOWN MRT STATION,1.29455085184931,103.806077155982,137,0.4179812522233367,"[[103.80289573814171, 1.292547407975447], [103.806077155982, 1.29455085184931]]",567.4,134.6
254,254,254,54409,1.3673649908268843,103.8560533405672,254,A,ANG MO KIO MRT STATION,1.36942855699191,103.849455226442,54,0.768521767939572,"[[103.8560533405672, 1.3673649908268843], [103.849455226442, 1.36942855699191]]",1075.8,224.9
255,255,255,54694,1.3589579744781397,103.84330592969415,255,A,BISHAN MRT STATION,1.35131580146658,103.84914026532,125,1.0689947514324114,"[[103.84330592969415, 1.3589579744781397], [103.84914026532, 1.35131580146658]]",1540.4,322.1
256,256,256,54993,1.3271274396854027,103.94113253867144,256,A,TANAH MERAH MRT STATION,1.32731098211445,103.946451703007,210,0.5916575139132044,"[[103.94113253867144, 1.3271274396854027], [103.946451703007, 1.32731098211445]]",933.1,275.9
257,257,257,55080,1.4334740350089952,103.84148152916804,257,A,YISHUN MRT STATION,1.42944308477331,103.835005047246,83,0.8480550793352628,"[[103.84148152916804, 1.4334740350089952], [103.835005047246, 1.42944308477331]]",1537.6,495.3
258,258,258,55392,1.3625673459624987,103.8350983802501,258,A,BRIGHT HILL MRT STATION,1.36384676605097,103.833899206658,181,0.1949599134664143,"[[103.8350983802501, 1.3625673459624987], [103.833899206658, 1.36384676605097]]",321.6,158.8
259,259,259,55526,1.4506137410246696,103.81567677594414,259,A,SEMBAWANG MRT STATION,1.44905082158502,103.820046140211,101,0.5158514633071637,"[[103.81567677594414, 1.4506137410246696], [103.820046140211, 1.44905082158502]]",667.0,144.7
260,260,260,55682,1.3525439084419737,103.74058177367672,260,A,BUKIT BATOK MRT STATION,1.34903331201636,103.749566478309,43,1.0723500874660503,"[[103.74058177367672, 1.3525439084419737], [103.749566478309, 1.34903331201636]]",2192.4,539.9
261,261,261,55958,1.3368045819102523,103.69613969827118,261,A,PIONEER MRT STATION,1.33758701106708,103.697321608474,105,0.1575811556306213,"[[103.69613969827118, 1.3368045819102523], [103.697321608474, 1.33758701106708]]",544.9,109.0
262,262,262,56220,1.3726826813731274,103.8714795857766,262,A,KOVAN MRT STATION,1.36017917065237,103.885064856353,153,2.0527210073517925,"[[103.8714795857766, 1.3726826813731274], [103.885064856353, 1.36017917065237]]",3125.6,648.5
263,263,263,56487,1.2756246496827492,103.80788172715494,263,A,TELOK BLANGAH MRT STATION,1.27070647772509,103.809761611219,206,0.5854456163916832,"[[103.80788172715494, 1.2756246496827492], [103.809761611219, 1.27070647772509]]",1208.2,322.6
264,264,264,56584,1.3910348927823857,103.8886850065296,264,A,TONGKANG LRT STATION,1.38934794658941,103.885844150116,89,0.3673053449564392,"[[103.8886850065296, 1.3910348927823855], [103.885844150116, 1.38934794658941]]",876.3,289.7
265,265,265,56919,1.331932147905228,103.94015061212292,265,A,TANAH MERAH MRT STATION,1.32731098211445,103.946451703007,210,0.868727340292541,"[[103.94015061212292, 1.331932147905228], [103.946451703007, 1.32731098211445]]",1516.5,365.1
266,266,266,56969,1.3989381012242923,103.91017661708035,266,A,MERIDIAN LRT STATION,1.3969120498774,103.908950224489,46,0.2633237599575992,"[[103.91017661708035, 1.3989381012242923], [103.908950224489, 1.3969120498774]]",756.5,198.6
267,267,267,57179,1.3208339730185668,103.76417456716128,267,A,CLEMENTI MRT STATION,1.31511625277378,103.765191452888,42,0.6457528383277967,"[[103.76417456716128, 1.3208339730185668], [103.765191452888, 1.31511625277378]]",1352.1,306.7
268,268,268,57518,1.3325223761110725,103.90661003204184,268,A,KAKI BUKIT MRT STATION,1.33496735995428,103.908459338046,167,0.3408451149453955,"[[103.90661003204185, 1.3325223761110725], [103.908459338046, 1.33496735995428]]",687.8,158.7
269,269,269,57656,1.3354185604972366,103.84857162756762,269,A,TOA PAYOH MRT STATION,1.33259672794159,103.847577286075,91,0.3326739266838452,"[[103.84857162756762, 1.3354185604972366], [103.847577286075, 1.33259672794159]]",1254.4,325.1
270,270,270,57880,1.4456123398319642,103.82110063793272,270,A,SEMBAWANG MRT STATION,1.44905082158502,103.820046140211,101,0.3999063788288631,"[[103.82110063793272, 1.4456123398319642], [103.820046140211, 1.44905082158502]]",877.9,183.2
271,271,271,58001,1.372317014831866,103.89011604758184,271,A,HOUGANG MRT STATION,1.37129226620797,103.892380513029,7,0.2763137900417001,"[[103.89011604758184, 1.372317014831866], [103.892380513029, 1.37129226620797]]",984.1,227.1
272,272,272,58383,1.336825641345256,103.921563443747,272,A,BEDOK NORTH MRT STATION,1.33474211664091,103.91797832995,176,0.4609848686384592,"[[103.921563443747, 1.336825641345256], [103.91797832995, 1.33474211664091]]",1122.9,369.4
273,273,273,58468,1.3568611604325012,103.75033566388204,273,A,BUKIT GOMBAK MRT STATION,1.35861159094192,103.751790910733,47,0.2530890667409636,"[[103.75033566388203, 1.3568611604325012], [103.751790910733, 1.35861159094192]]",268.1,53.6
274,274,274,58767,1.3886487385831454,103.90167419669775,274,A,BAKAU LRT STATION,1.38799431054768,103.905415300171,132,0.4221881954473563,"[[103.90167419669775, 1.3886487385831454], [103.905415300171, 1.38799431054768]]",1310.2,277.7
